blog_url,title,internal_link_count,unique_pages_linking,sample_sources
https://brushonblock.com/blogs/news/certified-women-owned-business,Certified Women-Owned Business,324,314,https://brushonblock.com/; https://brushonblock.com/blogs/news; https://brushonblock.com/blogs/news/117644612-true-or-false-mythbusting-skincare-home-remedies
https://brushonblock.com/blogs/news/brush-on-block-is-peta-approved-vegan-animal-test-free,Brush On Block is PETA Approved - Vegan &amp; Animal Test Free,323,314,https://brushonblock.com/; https://brushonblock.com/blogs/news; https://brushonblock.com/blogs/news/117644612-true-or-false-mythbusting-skincare-home-remedies
https://brushonblock.com/blogs/news/tagged/brush-on-block,Brush on Block® Blog,94,94,https://brushonblock.com/blogs/news; https://brushonblock.com/blogs/news/117644612-true-or-false-mythbusting-skincare-home-remedies; https://brushonblock.com/blogs/news/117700420-5-questions-to-ask-your-dermatologist
https://brushonblock.com/blogs/news/how-to-get-poolside-skin-this-summer,How to get Poolside Skin this Summer,74,36,https://brushonblock.com/; https://brushonblock.com/blogs/news; https://brushonblock.com/blogs/news/2-650-miles-under-the-sun-on-the-pacific-crest-trail
https://brushonblock.com/blogs/news/who-s-the-new-girl-meet-peony,Who’s the New Girl? Meet Peony.,74,36,https://brushonblock.com/; https://brushonblock.com/blogs/news; https://brushonblock.com/blogs/news/how-australia-pushed-back-on-skin-cancer
https://brushonblock.com/blogs/news/2-650-miles-under-the-sun-on-the-pacific-crest-trail,"2,650 Miles Under the Sun on the Pacific Crest Trail",71,35,https://brushonblock.com/; https://brushonblock.com/blogs/news; https://brushonblock.com/blogs/news/how-to-get-poolside-skin-this-summer
https://brushonblock.com/blogs/news/tagged/mineral-sunscreen,Brush on Block® Blog,71,71,https://brushonblock.com/blogs/news; https://brushonblock.com/blogs/news/117701124-6-cold-weather-makeup-tips; https://brushonblock.com/blogs/news/117701444-think-pink-basic-breast-cancer-prevention-tips
https://brushonblock.com/blogs/news/tagged/brush-on-sunscreen,Brush on Block® Blog,64,64,https://brushonblock.com/blogs/news; https://brushonblock.com/blogs/news/117644612-true-or-false-mythbusting-skincare-home-remedies; https://brushonblock.com/blogs/news/117701124-6-cold-weather-makeup-tips
https://brushonblock.com/blogs/news/tagged/everyday-sunscreen,Brush on Block® Blog,55,55,https://brushonblock.com/blogs/news; https://brushonblock.com/blogs/news/117701124-6-cold-weather-makeup-tips; https://brushonblock.com/blogs/news/117704196-how-to-live-with-sensitive-skin
https://brushonblock.com/blogs/news/tagged/natural-sunscreen,Brush on Block® Blog,55,55,https://brushonblock.com/blogs/news; https://brushonblock.com/blogs/news/117701764-bringing-home-baby-everything-you-need-to-know-about-your-babys-delicate-skin; https://brushonblock.com/blogs/news/117702596-turn-up-how-alcohol-affects-your-skin
https://brushonblock.com/blogs/news/tagged/healthy-skin,Brush on Block® Blog,50,50,https://brushonblock.com/blogs/news; https://brushonblock.com/blogs/news/117644932-surviving-the-teen-years-a-parents-guide-to-teen-skincare; https://brushonblock.com/blogs/news/117700420-5-questions-to-ask-your-dermatologist
https://brushonblock.com/blogs/news/tagged/protect-your-skin,Brush on Block® Blog,44,44,https://brushonblock.com/blogs/news; https://brushonblock.com/blogs/news/117644612-true-or-false-mythbusting-skincare-home-remedies; https://brushonblock.com/blogs/news/117701124-6-cold-weather-makeup-tips
https://brushonblock.com/blogs/news/tagged/powder-sunscreen,Brush on Block® Blog,41,41,https://brushonblock.com/blogs/news; https://brushonblock.com/blogs/news/117701700-adult-acne-why-you-get-it-how-to-fight-it; https://brushonblock.com/blogs/news/117703940-5-crazy-tips-for-fighting-wrinkles
https://brushonblock.com/blogs/news/tagged/sunscreen,Brush on Block® Blog,37,37,https://brushonblock.com/blogs/news; https://brushonblock.com/blogs/news/117644612-true-or-false-mythbusting-skincare-home-remedies; https://brushonblock.com/blogs/news/117644932-surviving-the-teen-years-a-parents-guide-to-teen-skincare
https://brushonblock.com/blogs/news/tagged/sun-protection,Brush on Block® Blog,30,30,https://brushonblock.com/blogs/news; https://brushonblock.com/blogs/news/117701700-adult-acne-why-you-get-it-how-to-fight-it; https://brushonblock.com/blogs/news/4-things-about-sunscreen-you-may-not-have-realized
https://brushonblock.com/blogs/news/tagged/mineral-spf,Brush on Block® Blog,29,29,https://brushonblock.com/blogs/news; https://brushonblock.com/blogs/news/117703172-6-bizarre-celebrity-beauty-secrets; https://brushonblock.com/blogs/news/117704836-you-are-what-you-eat
https://brushonblock.com/blogs/news/tagged/spf,Brush on Block® Blog,26,26,https://brushonblock.com/blogs/news; https://brushonblock.com/blogs/news/117644932-surviving-the-teen-years-a-parents-guide-to-teen-skincare; https://brushonblock.com/blogs/news/117701828-the-power-of-sunshine-the-benefits-of-vitamin-d
https://brushonblock.com/blogs/news/tagged/safe-sunscreen,Brush on Block® Blog,25,25,https://brushonblock.com/blogs/news; https://brushonblock.com/blogs/news/117701764-bringing-home-baby-everything-you-need-to-know-about-your-babys-delicate-skin; https://brushonblock.com/blogs/news/117705860-fantastic-foods-for-boosting-your-skins-spf
https://brushonblock.com/blogs/news/tagged/zinc-oxide,Brush on Block® Blog,25,25,https://brushonblock.com/blogs/news; https://brushonblock.com/blogs/news/a-pre-fireworks-picnic; https://brushonblock.com/blogs/news/a-survivors-story
https://brushonblock.com/blogs/news/tagged/titanium-dioxide,Brush on Block® Blog,24,24,https://brushonblock.com/blogs/news; https://brushonblock.com/blogs/news/a-pre-fireworks-picnic; https://brushonblock.com/blogs/news/a-survivors-story
https://brushonblock.com/blogs/news/tagged/best-sunscreen,Brush on Block® Blog,23,23,https://brushonblock.com/blogs/news; https://brushonblock.com/blogs/news/117702916-age-and-beauty-how-your-skincare-routine-should-change-as-you-age; https://brushonblock.com/blogs/news/85120964-convenient-things-to-keep-in-your-car
https://brushonblock.com/blogs/news/tagged/sun-block,Brush on Block® Blog,18,18,https://brushonblock.com/blogs/news; https://brushonblock.com/blogs/news/117701828-the-power-of-sunshine-the-benefits-of-vitamin-d; https://brushonblock.com/blogs/news/117701892-chlorine-and-salt-how-the-ocean-and-the-pool-affect-your-skin
https://brushonblock.com/blogs/news/tagged/skincare,Brush on Block® Blog,14,14,https://brushonblock.com/blogs/news; https://brushonblock.com/blogs/news/117701380-skin-care-makeup-brand-name-v-generic; https://brushonblock.com/blogs/news/117701700-adult-acne-why-you-get-it-how-to-fight-it
https://brushonblock.com/blogs/news/tagged/healthy-life,Brush on Block® Blog,12,12,https://brushonblock.com/blogs/news; https://brushonblock.com/blogs/news/117704324-5-autumn-skin-care-blunders-you-may-be-making; https://brushonblock.com/blogs/news/4-simple-small-resolutions-with-a-big-impact
https://brushonblock.com/blogs/news/tagged/sensitive-skin,Brush on Block® Blog,12,12,https://brushonblock.com/blogs/news; https://brushonblock.com/blogs/news/117701764-bringing-home-baby-everything-you-need-to-know-about-your-babys-delicate-skin; https://brushonblock.com/blogs/news/117704196-how-to-live-with-sensitive-skin
https://brushonblock.com/blogs/news/tagged/eco-friendly,Brush on Block® Blog,10,10,https://brushonblock.com/blogs/news; https://brushonblock.com/blogs/news/117705860-fantastic-foods-for-boosting-your-skins-spf; https://brushonblock.com/blogs/news/3-ways-brush-on-block-is-eco-friendly
https://brushonblock.com/blogs/news/tagged/dermotologist,Brush on Block® Blog,9,9,https://brushonblock.com/blogs/news; https://brushonblock.com/blogs/news/117700420-5-questions-to-ask-your-dermatologist; https://brushonblock.com/blogs/news/117704708-the-7-best-skincare-products-30-and-under
https://brushonblock.com/blogs/news/tagged/skin-care,Brush on Block® Blog,9,9,https://brushonblock.com/blogs/news; https://brushonblock.com/blogs/news/117644612-true-or-false-mythbusting-skincare-home-remedies; https://brushonblock.com/blogs/news/117703684-fighting-pale-winter-skin-are-sunless-tanners-safe
https://brushonblock.com/blogs/news/tagged/vegan,Brush on Block® Blog,9,9,https://brushonblock.com/blogs/news; https://brushonblock.com/blogs/news/3-ways-brush-on-block-is-eco-friendly; https://brushonblock.com/blogs/news/brush-on-block-is-peta-approved-vegan-animal-test-free
https://brushonblock.com/blogs/news/sun-protection-for-kids-a-dermatologist-moms-guide,Sun Protection for Kids: A Dermatologist Mom&#39;s Guide,9,3,https://brushonblock.com/blogs/news; https://brushonblock.com/blogs/news/how-australia-pushed-back-on-skin-cancer; https://brushonblock.com/blogs/news/skin-cancer-awareness-profile-katie-ostrovsky
https://brushonblock.com/blogs/news/117705924-5-red-hot-sun-protection-mistakes-men-make,5 Red Hot Sun Protection Mistakes Men Make,9,2,https://brushonblock.com/blogs/news/117702532-how-sugary-drinks-affect-your-skin; https://brushonblock.com/blogs/news/117702596-turn-up-how-alcohol-affects-your-skin
https://brushonblock.com/blogs/news/117702596-turn-up-how-alcohol-affects-your-skin,Turn Up: How Alcohol Affects Your Skin,9,2,https://brushonblock.com/blogs/news/117702852-5-fresh-ideas-for-outdoor-spring-fun; https://brushonblock.com/blogs/news/117705924-5-red-hot-sun-protection-mistakes-men-make
https://brushonblock.com/blogs/news/tagged/beauty-tips,Brush on Block® Blog,8,8,https://brushonblock.com/blogs/news; https://brushonblock.com/blogs/news/117703556-central-heating-vs-your-skin-what-to-do-indoors-to-keep-your-skin-healthy; https://brushonblock.com/blogs/news/117703684-fighting-pale-winter-skin-are-sunless-tanners-safe
https://brushonblock.com/blogs/news/how-australia-pushed-back-on-skin-cancer,How Australia Pushed Back on Skin Cancer,8,3,https://brushonblock.com/blogs/news; https://brushonblock.com/blogs/news/sun-protection-for-kids-a-dermatologist-moms-guide; https://brushonblock.com/blogs/news/who-s-the-new-girl-meet-peony
https://brushonblock.com/blogs/news/skin-cancer-awareness-profile-katie-ostrovsky,Skin Cancer Awareness Profile: Katie Ostrovsky,8,3,https://brushonblock.com/blogs/news; https://brushonblock.com/blogs/news/sun-protection-for-kids-a-dermatologist-moms-guide; https://brushonblock.com/blogs/news/why-we-emphasize-sun-protection-even-more-in-may
https://brushonblock.com/blogs/news/why-we-emphasize-sun-protection-even-more-in-may,Why We Emphasize Sun Protection Even More in May,8,3,https://brushonblock.com/blogs/news; https://brushonblock.com/blogs/news/skin-cancer-awareness-profile-katie-ostrovsky; https://brushonblock.com/blogs/news/sunscreen-spray-that-you-can-feel-good-about
https://brushonblock.com/blogs/news/sunscreen-spray-that-you-can-feel-good-about,Sunscreen Spray You Can Feel Good About,8,3,https://brushonblock.com/blogs/news; https://brushonblock.com/blogs/news/happy-earth-day-our-power-our-planet; https://brushonblock.com/blogs/news/why-we-emphasize-sun-protection-even-more-in-may
https://brushonblock.com/blogs/news/happy-earth-day-our-power-our-planet,"Happy Earth Day: Our Power, Our Planet",8,3,https://brushonblock.com/blogs/news; https://brushonblock.com/blogs/news/refilling-is-rewarding; https://brushonblock.com/blogs/news/sunscreen-spray-that-you-can-feel-good-about
https://brushonblock.com/blogs/news/117704836-you-are-what-you-eat,You are What You Eat,8,4,https://brushonblock.com/blogs/news/117644932-surviving-the-teen-years-a-parents-guide-to-teen-skincare; https://brushonblock.com/blogs/news/117700420-5-questions-to-ask-your-dermatologist; https://brushonblock.com/blogs/news/117704708-the-7-best-skincare-products-30-and-under
https://brushonblock.com/blogs/news/packing-for-hawaii-make-sure-you-know-the-latest-sunscreen-bans,Packing For Hawaii? Know The Latest On Banned Sunscreen Ingredients,8,4,https://brushonblock.com/blogs/news/every-day-should-be-earth-day; https://brushonblock.com/blogs/news/new-refreshed-spf-30-mineral-powder-formula; https://brushonblock.com/blogs/news/tiny-and-mighty-plastic-free-refills-are-here
https://brushonblock.com/blogs/news/tagged/summer-skincare,Brush on Block® Blog,7,7,https://brushonblock.com/blogs/news; https://brushonblock.com/blogs/news/117701828-the-power-of-sunshine-the-benefits-of-vitamin-d; https://brushonblock.com/blogs/news/117701892-chlorine-and-salt-how-the-ocean-and-the-pool-affect-your-skin
https://brushonblock.com/blogs/news/tagged/sunblock,Brush on Block® Blog,7,7,https://brushonblock.com/blogs/news; https://brushonblock.com/blogs/news/5-best-independence-day-celebrations-in-the-us; https://brushonblock.com/blogs/news/back-to-school-kids
https://brushonblock.com/blogs/news/tagged/winter-sun-protection,Brush on Block® Blog,7,7,https://brushonblock.com/blogs/news; https://brushonblock.com/blogs/news/117703556-central-heating-vs-your-skin-what-to-do-indoors-to-keep-your-skin-healthy; https://brushonblock.com/blogs/news/117703812-defeating-your-winter-skin-woes
https://brushonblock.com/blogs/news/117701380-skin-care-makeup-brand-name-v-generic,Skin Care &amp; Makeup: Brand Name v. Generic,7,3,https://brushonblock.com/blogs/news/117700420-5-questions-to-ask-your-dermatologist; https://brushonblock.com/blogs/news/117701508-calling-all-moms-how-to-get-rid-of-stretch-marks; https://brushonblock.com/blogs/news/117701700-adult-acne-why-you-get-it-how-to-fight-it
https://brushonblock.com/blogs/news/117701700-adult-acne-why-you-get-it-how-to-fight-it,Adult Acne: Why You Get It &amp; How to Fight It,7,3,https://brushonblock.com/blogs/news/117700420-5-questions-to-ask-your-dermatologist; https://brushonblock.com/blogs/news/117701380-skin-care-makeup-brand-name-v-generic; https://brushonblock.com/blogs/news/117701764-bringing-home-baby-everything-you-need-to-know-about-your-babys-delicate-skin
https://brushonblock.com/blogs/news/117702916-age-and-beauty-how-your-skincare-routine-should-change-as-you-age,Age and Beauty: How Your Skincare Routine Should Change as You Age,7,3,https://brushonblock.com/blogs/news/117700420-5-questions-to-ask-your-dermatologist; https://brushonblock.com/blogs/news/117702852-5-fresh-ideas-for-outdoor-spring-fun; https://brushonblock.com/blogs/news/117703172-6-bizarre-celebrity-beauty-secrets
https://brushonblock.com/blogs/news/what-is-the-pa-rating-system-and-how-can-it-help-me-protect-my-skin,Understanding the PA Rating System for sunscreen,7,3,https://brushonblock.com/blogs/news/brush-on-block-has-a-mineral-powder-sunscreen-for-everyone; https://brushonblock.com/blogs/news/have-a-great-summer; https://brushonblock.com/blogs/news/welcome-to-skin-cancer-awareness-month
https://brushonblock.com/blogs/news/sunscreen-is-a-drug-what-that-means-to-you,Sunscreen Is A Drug? What That Means To You,7,3,https://brushonblock.com/blogs/news/differences; https://brushonblock.com/blogs/news/introducing-nobodys-perfect-daily-repair-oil; https://brushonblock.com/blogs/news/sunscreen-testing-what-it-means-to-consumers
https://brushonblock.com/blogs/news/learn-about-the-drug-facts-on-your-sunscreen,Learn about the Drug Facts on your sunscreen,7,3,https://brushonblock.com/blogs/news/clear-your-skin-in-time-for-the-summer-sun; https://brushonblock.com/blogs/news/sunscreen-testing-what-it-means-to-consumers; https://brushonblock.com/blogs/news/what-is-spf
https://brushonblock.com/blogs/news/what-is-spf,What is SPF? What Does The SPF Number on Sunscreen Mean,7,3,https://brushonblock.com/blogs/news/learn-about-the-drug-facts-on-your-sunscreen; https://brushonblock.com/blogs/news/sunscreen-testing-what-it-means-to-consumers; https://brushonblock.com/blogs/news/we-challenge-you-to-wear-spf-30-every-day
https://brushonblock.com/blogs/news/we-challenge-you-to-wear-spf-30-every-day,We challenge you to wear SPF 30 every day,7,3,https://brushonblock.com/blogs/news/spf-sunscreen-tattoos; https://brushonblock.com/blogs/news/what-does-the-uv-index-mean; https://brushonblock.com/blogs/news/what-is-spf
https://brushonblock.com/blogs/news/what-does-the-uv-index-mean,What Does the UV Index Mean? A Guide to the UV Index and How to Stay Safe From the Sun,7,3,https://brushonblock.com/blogs/news/introducing-sheer-genius-mineral-sunscreen-moisture-spf-50; https://brushonblock.com/blogs/news/spf-sunscreen-tattoos; https://brushonblock.com/blogs/news/we-challenge-you-to-wear-spf-30-every-day
https://brushonblock.com/blogs/news/sunscreen-testing-what-it-means-to-consumers,Sunscreen Testing - What It Means To Consumers,7,3,https://brushonblock.com/blogs/news/brush-on-block-has-a-mineral-powder-sunscreen-for-everyone; https://brushonblock.com/blogs/news/summer-sunscreen-checklist-things-to-remember; https://brushonblock.com/blogs/news/what-i-thought-vs-what-i-learned-sunscreen-101
https://brushonblock.com/blogs/news/tiny-and-mighty-plastic-free-refills-are-here,Tiny and Mighty Plastic-Free Refill Pods are Here!,7,3,https://brushonblock.com/blogs/news/accelerate-action-supporting-women-owned-businesses; https://brushonblock.com/blogs/news/happy-earth-day-our-power-our-planet; https://brushonblock.com/blogs/news/we-have-a-winner-bounce-butter-wins-indie-beauty-award
https://brushonblock.com/blogs/news/tagged/sports-active-lifestyles,Brush on Block® Blog,6,6,https://brushonblock.com/blogs/news; https://brushonblock.com/blogs/news/117704004-7-simple-skincare-tips-for-before-and-after-the-gym; https://brushonblock.com/blogs/news/117704324-5-autumn-skin-care-blunders-you-may-be-making
https://brushonblock.com/blogs/news/118501380-ira-rays,Beyond UV: What to Know About IRA Rays,6,2,https://brushonblock.com/blogs/news/117644612-true-or-false-mythbusting-skincare-home-remedies; https://brushonblock.com/blogs/news/85120964-convenient-things-to-keep-in-your-car
https://brushonblock.com/blogs/news/118499972-how-to-prepare-for-a-fun-summer-beach-day,How to Prepare for a Fun Summer Beach Day,6,2,https://brushonblock.com/blogs/news/118499908-summer-skin-care-awareness; https://brushonblock.com/blogs/news/85120964-convenient-things-to-keep-in-your-car
https://brushonblock.com/blogs/news/117644932-surviving-the-teen-years-a-parents-guide-to-teen-skincare,Surviving the Teen Years: A Parents&#39; Guide to Teen Skincare,6,2,https://brushonblock.com/blogs/news/117644612-true-or-false-mythbusting-skincare-home-remedies; https://brushonblock.com/blogs/news/118500484-beauty-trends-for-spring
https://brushonblock.com/blogs/news/118500484-beauty-trends-for-spring,Beauty Trends for Spring,6,2,https://brushonblock.com/blogs/news/117644932-surviving-the-teen-years-a-parents-guide-to-teen-skincare; https://brushonblock.com/blogs/news/118500228-convenience-is-key
https://brushonblock.com/blogs/news/117644612-true-or-false-mythbusting-skincare-home-remedies,True or False: Mythbusting Skincare Home Remedies,6,2,https://brushonblock.com/blogs/news/117644932-surviving-the-teen-years-a-parents-guide-to-teen-skincare; https://brushonblock.com/blogs/news/118501380-ira-rays
https://brushonblock.com/blogs/news/118500164-winter-skin-care,Winter Skin Care,6,2,https://brushonblock.com/blogs/news/117700420-5-questions-to-ask-your-dermatologist; https://brushonblock.com/blogs/news/117701124-6-cold-weather-makeup-tips
https://brushonblock.com/blogs/news/118500228-convenience-is-key,Convenience is Key!,6,2,https://brushonblock.com/blogs/news/117700420-5-questions-to-ask-your-dermatologist; https://brushonblock.com/blogs/news/118500484-beauty-trends-for-spring
https://brushonblock.com/blogs/news/117701444-think-pink-basic-breast-cancer-prevention-tips,Think Pink: Basic Breast Cancer Prevention Tips,6,2,https://brushonblock.com/blogs/news/117701124-6-cold-weather-makeup-tips; https://brushonblock.com/blogs/news/117701508-calling-all-moms-how-to-get-rid-of-stretch-marks
https://brushonblock.com/blogs/news/117701508-calling-all-moms-how-to-get-rid-of-stretch-marks,Calling All Moms: How to Get Rid of Stretch Marks,6,2,https://brushonblock.com/blogs/news/117701380-skin-care-makeup-brand-name-v-generic; https://brushonblock.com/blogs/news/117701444-think-pink-basic-breast-cancer-prevention-tips
https://brushonblock.com/blogs/news/117701124-6-cold-weather-makeup-tips,6 Cold Weather Makeup Tips,6,2,https://brushonblock.com/blogs/news/117701444-think-pink-basic-breast-cancer-prevention-tips; https://brushonblock.com/blogs/news/118500164-winter-skin-care
https://brushonblock.com/blogs/news/117701764-bringing-home-baby-everything-you-need-to-know-about-your-babys-delicate-skin,Bringing Home Baby: Everything You Need to Know About Your Baby&#39;s Delicate Skin,6,2,https://brushonblock.com/blogs/news/117701700-adult-acne-why-you-get-it-how-to-fight-it; https://brushonblock.com/blogs/news/117701828-the-power-of-sunshine-the-benefits-of-vitamin-d
https://brushonblock.com/blogs/news/117701828-the-power-of-sunshine-the-benefits-of-vitamin-d,The Power of Sunshine: The Benefits of Vitamin D,6,2,https://brushonblock.com/blogs/news/117701764-bringing-home-baby-everything-you-need-to-know-about-your-babys-delicate-skin; https://brushonblock.com/blogs/news/117701892-chlorine-and-salt-how-the-ocean-and-the-pool-affect-your-skin
https://brushonblock.com/blogs/news/117701892-chlorine-and-salt-how-the-ocean-and-the-pool-affect-your-skin,Chlorine and Salt: How the Ocean and the Pool Affect Your Skin,6,2,https://brushonblock.com/blogs/news/117701828-the-power-of-sunshine-the-benefits-of-vitamin-d; https://brushonblock.com/blogs/news/117702532-how-sugary-drinks-affect-your-skin
https://brushonblock.com/blogs/news/117703172-6-bizarre-celebrity-beauty-secrets,6 Bizarre Celebrity Beauty Secrets,6,2,https://brushonblock.com/blogs/news/117702916-age-and-beauty-how-your-skincare-routine-should-change-as-you-age; https://brushonblock.com/blogs/news/117703236-how-make-up-affects-your-skin-choosing-the-right-look-for-valentine-s-day
https://brushonblock.com/blogs/news/117703236-how-make-up-affects-your-skin-choosing-the-right-look-for-valentine-s-day,How Make-up Affects Your Skin: Choosing the Right Look for Valentine’s Day,6,2,https://brushonblock.com/blogs/news/117703172-6-bizarre-celebrity-beauty-secrets; https://brushonblock.com/blogs/news/117703556-central-heating-vs-your-skin-what-to-do-indoors-to-keep-your-skin-healthy
https://brushonblock.com/blogs/news/117703556-central-heating-vs-your-skin-what-to-do-indoors-to-keep-your-skin-healthy,Central Heating vs. Your Skin: What to Do Indoors to Keep Your Skin Healthy,6,2,https://brushonblock.com/blogs/news/117703236-how-make-up-affects-your-skin-choosing-the-right-look-for-valentine-s-day; https://brushonblock.com/blogs/news/117703684-fighting-pale-winter-skin-are-sunless-tanners-safe
https://brushonblock.com/blogs/news/117703684-fighting-pale-winter-skin-are-sunless-tanners-safe,Fighting Pale Winter Skin: Are Sunless Tanners Safe?,6,2,https://brushonblock.com/blogs/news/117703556-central-heating-vs-your-skin-what-to-do-indoors-to-keep-your-skin-healthy; https://brushonblock.com/blogs/news/117703812-defeating-your-winter-skin-woes
https://brushonblock.com/blogs/news/117703812-defeating-your-winter-skin-woes,Defeating Your Winter Skin Woes,6,2,https://brushonblock.com/blogs/news/117703684-fighting-pale-winter-skin-are-sunless-tanners-safe; https://brushonblock.com/blogs/news/117703940-5-crazy-tips-for-fighting-wrinkles
https://brushonblock.com/blogs/news/117703940-5-crazy-tips-for-fighting-wrinkles,5 Crazy Tips for Fighting Wrinkles,6,2,https://brushonblock.com/blogs/news/117703812-defeating-your-winter-skin-woes; https://brushonblock.com/blogs/news/117704004-7-simple-skincare-tips-for-before-and-after-the-gym
https://brushonblock.com/blogs/news/117704004-7-simple-skincare-tips-for-before-and-after-the-gym,7 Simple Skincare Tips for Before and After the Gym,6,2,https://brushonblock.com/blogs/news/117703940-5-crazy-tips-for-fighting-wrinkles; https://brushonblock.com/blogs/news/117704196-how-to-live-with-sensitive-skin
https://brushonblock.com/blogs/news/117704196-how-to-live-with-sensitive-skin,How to Live With Sensitive Skin,6,2,https://brushonblock.com/blogs/news/117704004-7-simple-skincare-tips-for-before-and-after-the-gym; https://brushonblock.com/blogs/news/117704324-5-autumn-skin-care-blunders-you-may-be-making
https://brushonblock.com/blogs/news/117704324-5-autumn-skin-care-blunders-you-may-be-making,5 Autumn Skin Care Blunders You May Be Making,6,2,https://brushonblock.com/blogs/news/117704196-how-to-live-with-sensitive-skin; https://brushonblock.com/blogs/news/117704708-the-7-best-skincare-products-30-and-under
https://brushonblock.com/blogs/news/117704708-the-7-best-skincare-products-30-and-under,The 7 Best Skincare Products $30 and Under,6,2,https://brushonblock.com/blogs/news/117704324-5-autumn-skin-care-blunders-you-may-be-making; https://brushonblock.com/blogs/news/117704836-you-are-what-you-eat
https://brushonblock.com/blogs/news/117705412-does-your-skin-make-you-look-older,Does Your Skin Make You Look Older?,6,2,https://brushonblock.com/blogs/news/117704836-you-are-what-you-eat; https://brushonblock.com/blogs/news/117705476-5-great-outdoor-activities-to-do-as-a-family
https://brushonblock.com/blogs/news/117705476-5-great-outdoor-activities-to-do-as-a-family,5 Great Outdoor Activities to Do as a Family,6,2,https://brushonblock.com/blogs/news/117705412-does-your-skin-make-you-look-older; https://brushonblock.com/blogs/news/117705604-6-simple-steps-to-shore-up-your-summer-skin-care-routine
https://brushonblock.com/blogs/news/117705604-6-simple-steps-to-shore-up-your-summer-skin-care-routine,6 Simple Steps to Shore up Your Summer Skin Care Routine,6,2,https://brushonblock.com/blogs/news/117705476-5-great-outdoor-activities-to-do-as-a-family; https://brushonblock.com/blogs/news/117705732-5-reasons-you-should-make-an-appointment-with-the-dermatologist-stat
https://brushonblock.com/blogs/news/117705732-5-reasons-you-should-make-an-appointment-with-the-dermatologist-stat,"5 Reasons You Should Make an Appointment with the Dermatologist, Stat",6,2,https://brushonblock.com/blogs/news/117705604-6-simple-steps-to-shore-up-your-summer-skin-care-routine; https://brushonblock.com/blogs/news/117705860-fantastic-foods-for-boosting-your-skins-spf
https://brushonblock.com/blogs/news/117705860-fantastic-foods-for-boosting-your-skins-spf,Fantastic Foods for Boosting Your Skin&#39;s SPF,6,2,https://brushonblock.com/blogs/news/117705732-5-reasons-you-should-make-an-appointment-with-the-dermatologist-stat; https://brushonblock.com/blogs/news/117706180-5-totally-bizarre-facials
https://brushonblock.com/blogs/news/117706180-5-totally-bizarre-facials,5 Totally Bizarre Facials,6,2,https://brushonblock.com/blogs/news/117705860-fantastic-foods-for-boosting-your-skins-spf; https://brushonblock.com/blogs/news/117706116-does-makeup-with-an-spf-provide-enough-sun-protection
https://brushonblock.com/blogs/news/117706116-does-makeup-with-an-spf-provide-enough-sun-protection,Does Makeup with an SPF Provide Enough Sun Protection?,6,2,https://brushonblock.com/blogs/news/117706180-5-totally-bizarre-facials; https://brushonblock.com/blogs/news/117706436-6-surprising-things-you-do-that-age-your-skin
https://brushonblock.com/blogs/news/skincare-101-skincare-tips-for-men,Skincare 101: Skincare Tips for Men,6,2,https://brushonblock.com/blogs/news/118499908-summer-skin-care-awareness; https://brushonblock.com/blogs/news/addressing-sunscreen-allergies
https://brushonblock.com/blogs/news/85120964-convenient-things-to-keep-in-your-car,Convenient Things to Keep in Your Car,6,2,https://brushonblock.com/blogs/news/118499972-how-to-prepare-for-a-fun-summer-beach-day; https://brushonblock.com/blogs/news/118501380-ira-rays
https://brushonblock.com/blogs/news/118499908-summer-skin-care-awareness,Summer Skin Care Awareness,6,2,https://brushonblock.com/blogs/news/118499972-how-to-prepare-for-a-fun-summer-beach-day; https://brushonblock.com/blogs/news/skincare-101-skincare-tips-for-men
https://brushonblock.com/blogs/news/117700420-5-questions-to-ask-your-dermatologist,5 Questions to Ask Your Dermatologist,6,2,https://brushonblock.com/blogs/news/118500164-winter-skin-care; https://brushonblock.com/blogs/news/118500228-convenience-is-key
https://brushonblock.com/blogs/news/addressing-sunscreen-allergies,Addressing Sunscreen Allergies,6,2,https://brushonblock.com/blogs/news/everything-you-need-to-know-about-melanoma-prevention; https://brushonblock.com/blogs/news/skincare-101-skincare-tips-for-men
https://brushonblock.com/blogs/news/cleanse-your-skin-detoxing-101,Cleanse Your Skin: Detoxing 101,6,2,https://brushonblock.com/blogs/news/50-is-the-new-40-surprising-tips-for-anti-aging; https://brushonblock.com/blogs/news/everything-you-need-to-know-about-melanoma-prevention
https://brushonblock.com/blogs/news/everything-you-need-to-know-about-melanoma-prevention,Everything You Need to Know About Melanoma Prevention,6,2,https://brushonblock.com/blogs/news/addressing-sunscreen-allergies; https://brushonblock.com/blogs/news/cleanse-your-skin-detoxing-101
https://brushonblock.com/blogs/news/50-is-the-new-40-surprising-tips-for-anti-aging,Surprising Tips for Anti-Aging,6,2,https://brushonblock.com/blogs/news/cleanse-your-skin-detoxing-101; https://brushonblock.com/blogs/news/hot-tips-for-your-skincare-this-summer
https://brushonblock.com/blogs/news/hot-tips-for-your-skincare-this-summer,Hot Tips for Your Skincare this Summer,6,2,https://brushonblock.com/blogs/news/5-ways-exercise-makes-your-gorgeous; https://brushonblock.com/blogs/news/50-is-the-new-40-surprising-tips-for-anti-aging
https://brushonblock.com/blogs/news/5-ways-exercise-makes-your-gorgeous,5 Ways Exercise Makes You Gorgeous,6,2,https://brushonblock.com/blogs/news/6-wonderful-winter-beauty-tips; https://brushonblock.com/blogs/news/hot-tips-for-your-skincare-this-summer
https://brushonblock.com/blogs/news/6-wonderful-winter-beauty-tips,6 Wonderful Winter Beauty Tips,6,2,https://brushonblock.com/blogs/news/5-ways-exercise-makes-your-gorgeous; https://brushonblock.com/blogs/news/learning-to-love-the-skin-youre-in
https://brushonblock.com/blogs/news/sunscreen-skincare-secrets-revealed,Sunscreen Skincare Secrets Revealed!,6,2,https://brushonblock.com/blogs/news/5-best-independence-day-celebrations-in-the-us; https://brushonblock.com/blogs/news/whats-lurking-behind-your-liquid-face-products
https://brushonblock.com/blogs/news/the-importance-of-year-round-sunscreen,Using Sunscreen for All Outdoor Activities,6,2,https://brushonblock.com/blogs/news/5-best-independence-day-celebrations-in-the-us; https://brushonblock.com/blogs/news/what-s-the-best-sunscreen-for-your-holiday-vacation
https://brushonblock.com/blogs/news/learning-to-love-the-skin-youre-in,Learning to Love the Skin You&#39;re In,6,2,https://brushonblock.com/blogs/news/6-wonderful-winter-beauty-tips; https://brushonblock.com/blogs/news/back-to-basics-simple-skincare-steps-you-might-be-missing
https://brushonblock.com/blogs/news/back-to-basics-simple-skincare-steps-you-might-be-missing,Back to Basics: Simple Skincare Steps You Might Be Missing,6,2,https://brushonblock.com/blogs/news/laundry-detergent-and-your-skin; https://brushonblock.com/blogs/news/learning-to-love-the-skin-youre-in
https://brushonblock.com/blogs/news/laundry-detergent-and-your-skin,Laundry Detergent and Your Skin,6,2,https://brushonblock.com/blogs/news/back-to-basics-simple-skincare-steps-you-might-be-missing; https://brushonblock.com/blogs/news/getting-inked-how-tattoos-affect-your-skin
https://brushonblock.com/blogs/news/getting-inked-how-tattoos-affect-your-skin,Getting Inked: How Tattoos Affect Your Skin,6,2,https://brushonblock.com/blogs/news/a-simple-way-to-make-sunscreen-part-of-your-everyday-routine-1; https://brushonblock.com/blogs/news/laundry-detergent-and-your-skin
https://brushonblock.com/blogs/news/a-simple-way-to-make-sunscreen-part-of-your-everyday-routine-1,A Simple Way to Make Sunscreen Part of Your Everyday Routine,6,2,https://brushonblock.com/blogs/news/getting-inked-how-tattoos-affect-your-skin; https://brushonblock.com/blogs/news/sunscreen-protects-skin-from-aging
https://brushonblock.com/blogs/news/sunscreen-protects-skin-from-aging,Sunscreen Protects Skin from Aging,6,2,https://brushonblock.com/blogs/news/a-simple-way-to-make-sunscreen-part-of-your-everyday-routine-1; https://brushonblock.com/blogs/news/mineral-sunscreen-is-kid-friendly
https://brushonblock.com/blogs/news/mineral-sunscreen-is-kid-friendly,Mineral Sunscreen is Kid-Friendly!,6,2,https://brushonblock.com/blogs/news/sunscreen-protects-skin-from-aging; https://brushonblock.com/blogs/news/what-you-need-to-know-about-mineral-sunscreen-1
https://brushonblock.com/blogs/news/why-is-powder-sunscreen-so-popular,Why Is Powder Sunscreen So Popular?,6,2,https://brushonblock.com/blogs/news/fall-is-here-is-do-i-need-to-wear-sunscreen; https://brushonblock.com/blogs/news/whats-lurking-behind-your-liquid-face-products
https://brushonblock.com/blogs/news/what-you-need-to-know-about-mineral-sunscreen-1,What You Need to Know About Mineral Sunscreen,6,2,https://brushonblock.com/blogs/news/mineral-sunscreen-is-kid-friendly; https://brushonblock.com/blogs/news/top-3-tips-to-use-sunscreen-properly
https://brushonblock.com/blogs/news/top-3-tips-to-use-sunscreen-properly,Top 3 Tips to Use Sunscreen Properly,6,2,https://brushonblock.com/blogs/news/what-exactly-is-mineral-sunscreen-and-why-should-you-use-it; https://brushonblock.com/blogs/news/what-you-need-to-know-about-mineral-sunscreen-1
https://brushonblock.com/blogs/news/what-exactly-is-mineral-sunscreen-and-why-should-you-use-it,What Exactly is Mineral Sunscreen and Why Should You Use It?,6,2,https://brushonblock.com/blogs/news/how-to-choose-the-best-sunscreen; https://brushonblock.com/blogs/news/top-3-tips-to-use-sunscreen-properly
https://brushonblock.com/blogs/news/how-to-choose-the-best-sunscreen,How to Choose the Best Sunscreen,6,2,https://brushonblock.com/blogs/news/4-things-about-sunscreen-you-may-not-have-realized; https://brushonblock.com/blogs/news/what-exactly-is-mineral-sunscreen-and-why-should-you-use-it
https://brushonblock.com/blogs/news/battling-burns-take-care-of-yourself,Battling Sun Burns: Take Care of Yourself!,6,2,https://brushonblock.com/blogs/news/4-things-about-sunscreen-you-may-not-have-realized; https://brushonblock.com/blogs/news/fall-is-here-is-do-i-need-to-wear-sunscreen
https://brushonblock.com/blogs/news/4-things-about-sunscreen-you-may-not-have-realized,4 Things About Sunscreen You May Not Have Realized,6,2,https://brushonblock.com/blogs/news/battling-burns-take-care-of-yourself; https://brushonblock.com/blogs/news/how-to-choose-the-best-sunscreen
https://brushonblock.com/blogs/news/fall-is-here-is-do-i-need-to-wear-sunscreen,"Fall is Here, do I Need to Wear Sunscreen?",6,2,https://brushonblock.com/blogs/news/battling-burns-take-care-of-yourself; https://brushonblock.com/blogs/news/why-is-powder-sunscreen-so-popular
https://brushonblock.com/blogs/news/whats-lurking-behind-your-liquid-face-products,What&#39;s Lurking In Your Liquid Face Products?,6,2,https://brushonblock.com/blogs/news/sunscreen-skincare-secrets-revealed; https://brushonblock.com/blogs/news/why-is-powder-sunscreen-so-popular
https://brushonblock.com/blogs/news/5-best-independence-day-celebrations-in-the-us,5 Best Independence Day Celebrations in the US,6,2,https://brushonblock.com/blogs/news/sunscreen-skincare-secrets-revealed; https://brushonblock.com/blogs/news/the-importance-of-year-round-sunscreen
https://brushonblock.com/blogs/news/what-s-the-best-sunscreen-for-your-holiday-vacation,What’s the Best Sunscreen for Your Holiday Vacation?,6,2,https://brushonblock.com/blogs/news/3-ways-brush-on-block-is-eco-friendly; https://brushonblock.com/blogs/news/the-importance-of-year-round-sunscreen
https://brushonblock.com/blogs/news/3-ways-brush-on-block-is-eco-friendly,3 Ways We&#39;re Eco-Friendly,6,2,https://brushonblock.com/blogs/news/3-holiday-packing-tips-for-trips; https://brushonblock.com/blogs/news/what-s-the-best-sunscreen-for-your-holiday-vacation
https://brushonblock.com/blogs/news/3-holiday-packing-tips-for-trips,3 Reasons Brush On Block Is Perfect For Your Holiday Trip,6,2,https://brushonblock.com/blogs/news/3-ways-brush-on-block-is-eco-friendly; https://brushonblock.com/blogs/news/travis-forrester-evans-photographer-brush-on-block-user
https://brushonblock.com/blogs/news/travis-forrester-evans-photographer-brush-on-block-user,"Travis Forrester Evans, Photographer &amp; Brush On Block User",6,2,https://brushonblock.com/blogs/news/3-holiday-packing-tips-for-trips; https://brushonblock.com/blogs/news/3-ways-to-use-brush-on-block-translucent
https://brushonblock.com/blogs/news/3-ways-to-use-brush-on-block-translucent,3 Ways To Use Brush On Block Translucent,6,2,https://brushonblock.com/blogs/news/travis-forrester-evans-photographer-brush-on-block-user; https://brushonblock.com/blogs/news/why-you-need-sunscreen-even-on-snowy-days
https://brushonblock.com/blogs/news/why-you-need-sunscreen-even-on-snowy-days,Why You Need Sunscreen Even On Snowy Days,6,2,https://brushonblock.com/blogs/news/3-ways-to-use-brush-on-block-translucent; https://brushonblock.com/blogs/news/brush-on-block-user-dr-lauren-boudreaux-dermatologist
https://brushonblock.com/blogs/news/brush-on-block-user-dr-lauren-boudreaux-dermatologist,"Dr. Lauren Boudreaux, Dermatologist &amp; Brush On Block User",6,2,https://brushonblock.com/blogs/news/brush-on-blocks-story; https://brushonblock.com/blogs/news/why-you-need-sunscreen-even-on-snowy-days
https://brushonblock.com/blogs/news/brush-on-blocks-story,Brush On Block&#39;s Story,6,2,https://brushonblock.com/blogs/news/brush-on-block-sunscreen-quiz; https://brushonblock.com/blogs/news/brush-on-block-user-dr-lauren-boudreaux-dermatologist
https://brushonblock.com/blogs/news/brush-on-block-sunscreen-quiz,Quiz: How Much Do You Know About Sunscreen?,6,2,https://brushonblock.com/blogs/news/brush-on-blocks-story; https://brushonblock.com/blogs/news/the-important-monthly-habit-you-need-to-add-to-your-skincare-routine
https://brushonblock.com/blogs/news/the-important-monthly-habit-you-need-to-add-to-your-skincare-routine,The Important Habit You Need To Add To Your Skincare Routine,6,2,https://brushonblock.com/blogs/news/brush-on-block-sunscreen-quiz; https://brushonblock.com/blogs/news/get-to-know-real-brush-on-block-users
https://brushonblock.com/blogs/news/4-simple-small-resolutions-with-a-big-impact,"4 Simple, Small Resolutions With A Big Impact",6,2,https://brushonblock.com/blogs/news/get-to-know-real-brush-on-block-users; https://brushonblock.com/blogs/news/the-reason-you-should-choose-mineral-makeup-sunscreen-over-traditional-lotion
https://brushonblock.com/blogs/news/get-to-know-real-brush-on-block-users,Get To Know Brush On Block Users,6,2,https://brushonblock.com/blogs/news/4-simple-small-resolutions-with-a-big-impact; https://brushonblock.com/blogs/news/the-important-monthly-habit-you-need-to-add-to-your-skincare-routine
https://brushonblock.com/blogs/news/the-reason-you-should-choose-mineral-makeup-sunscreen-over-traditional-lotion,Why You Need To Use Mineral Makeup Sunscreen Over Traditional Lotion,6,2,https://brushonblock.com/blogs/news/4-simple-small-resolutions-with-a-big-impact; https://brushonblock.com/blogs/news/sunscreen-101-chemical-or-physical-sunscreen
https://brushonblock.com/blogs/news/sunscreen-101-chemical-or-physical-sunscreen,Sunscreen 101 — Chemical or Physical Sunscreen,6,2,https://brushonblock.com/blogs/news/sunscreen-101-ingredients-to-leave-at-home; https://brushonblock.com/blogs/news/the-reason-you-should-choose-mineral-makeup-sunscreen-over-traditional-lotion
https://brushonblock.com/blogs/news/sunscreen-101-ingredients-to-leave-at-home,Sunscreen 101 — Ingredients to Leave at Home,6,2,https://brushonblock.com/blogs/news/sunscreen-101-chemical-or-physical-sunscreen; https://brushonblock.com/blogs/news/sunscreen-101-uva-and-uvb-rays
https://brushonblock.com/blogs/news/sunscreen-101-uva-and-uvb-rays,Sunscreen 101 — UVA and UVB Rays,6,2,https://brushonblock.com/blogs/news/founder-and-ceo-andrea-wetsels-sunscreen-story; https://brushonblock.com/blogs/news/sunscreen-101-ingredients-to-leave-at-home
https://brushonblock.com/blogs/news/founder-and-ceo-andrea-wetsels-sunscreen-story,BRUSH ON BLOCK® Founder and CEO Andrea Wetsel&#39;s Sun Care Story,6,2,https://brushonblock.com/blogs/news/sun-care-q-a-with-dermatologists-lauren-and-brooke-the-skin-sisters; https://brushonblock.com/blogs/news/sunscreen-101-uva-and-uvb-rays
https://brushonblock.com/blogs/news/sun-care-q-a-with-dermatologists-lauren-and-brooke-the-skin-sisters,Sun Care Q&amp;A with Dermatology Duo The Skin Sisters,6,2,https://brushonblock.com/blogs/news/founder-and-ceo-andrea-wetsels-sunscreen-story; https://brushonblock.com/blogs/news/sunscreen-101-expiration-dates
https://brushonblock.com/blogs/news/sunscreen-101-expiration-dates,Sunscreen 101 — Expiration Dates,6,2,https://brushonblock.com/blogs/news/sun-care-q-a-with-dermatologist-dr-carly-roman; https://brushonblock.com/blogs/news/sun-care-q-a-with-dermatologists-lauren-and-brooke-the-skin-sisters
https://brushonblock.com/blogs/news/sunscreen-101,Sunscreen 101 — What Do SPF Numbers Mean?,6,2,https://brushonblock.com/blogs/news/sun-care-q-a-with-dermatologist-dr-carly-roman; https://brushonblock.com/blogs/news/sun-care-q-a-with-dermatologist-the-derm-fox
https://brushonblock.com/blogs/news/sun-care-q-a-with-dermatologist-dr-carly-roman,Sun Care Q&amp;A with Dermatologist Doctor Carly Roman,6,2,https://brushonblock.com/blogs/news/sunscreen-101; https://brushonblock.com/blogs/news/sunscreen-101-expiration-dates
https://brushonblock.com/blogs/news/sun-safe-tip-round-up,Sun-Safe Tip Round Up,6,2,https://brushonblock.com/blogs/news/dr-lauren-boudreaux-on-skin-cancer-awareness-month; https://brushonblock.com/blogs/news/sun-care-q-a-with-dermatologist-the-derm-fox
https://brushonblock.com/blogs/news/ask-a-dermatologist-sun-care-q-a-with-dr-lauren-boudreaux,Ask A Dermatologist: Sun Care Q&amp;A with Dr. Lauren Boudreaux (Facebook Live),6,2,https://brushonblock.com/blogs/news/dr-lauren-boudreaux-on-skin-cancer-awareness-month; https://brushonblock.com/blogs/news/men-sun-care-why-you-should-encourage-the-men-in-your-life-to-apply-sunscreen-daily
https://brushonblock.com/blogs/news/sun-care-q-a-with-dermatologist-the-derm-fox,Sun Care Q&amp;A with Dermatology NP The Derm Fox,6,2,https://brushonblock.com/blogs/news/sun-safe-tip-round-up; https://brushonblock.com/blogs/news/sunscreen-101
https://brushonblock.com/blogs/news/dr-lauren-boudreaux-on-skin-cancer-awareness-month,Dr. Lauren Boudreaux on Skin Cancer Awareness Month,6,2,https://brushonblock.com/blogs/news/ask-a-dermatologist-sun-care-q-a-with-dr-lauren-boudreaux; https://brushonblock.com/blogs/news/sun-safe-tip-round-up
https://brushonblock.com/blogs/news/men-sun-care-why-you-should-encourage-the-men-in-your-life-to-apply-sunscreen-daily,Men &amp; Sun Care: Why You Should Encourage The Men In Your Life To Apply Sunscreen Daily,6,2,https://brushonblock.com/blogs/news/ask-a-dermatologist-sun-care-q-a-with-dr-lauren-boudreaux; https://brushonblock.com/blogs/news/help-little-ones-learn-sun-safety-the-down-under-way
https://brushonblock.com/blogs/news/help-little-ones-learn-sun-safety-the-down-under-way,Help Little Ones Learn Sun Safety the Down Under Way!,6,2,https://brushonblock.com/blogs/news/men-sun-care-why-you-should-encourage-the-men-in-your-life-to-apply-sunscreen-daily; https://brushonblock.com/blogs/news/ocean-friendly-blog-post-title
https://brushonblock.com/blogs/news/ocean-friendly-blog-post-title,Everything You Need To Know About Marine-Friendly Sunscreen,6,2,https://brushonblock.com/blogs/news/be-prepared-with-must-haves-for-back-to-school-backpacks; https://brushonblock.com/blogs/news/help-little-ones-learn-sun-safety-the-down-under-way
https://brushonblock.com/blogs/news/be-prepared-with-must-haves-for-back-to-school-backpacks,Be Prepared with Must-Haves for Back-to-School Backpacks,6,2,https://brushonblock.com/blogs/news/ocean-friendly-blog-post-title; https://brushonblock.com/blogs/news/vegan-makeup-for-animal-lovers
https://brushonblock.com/blogs/news/vegan-makeup-for-animal-lovers,Vegan Makeup for Animal Lovers,6,2,https://brushonblock.com/blogs/news/be-prepared-with-must-haves-for-back-to-school-backpacks; https://brushonblock.com/blogs/news/importance-of-wearing-sunscreen-in-the-fall-and-winter-months
https://brushonblock.com/blogs/news/importance-of-wearing-sunscreen-in-the-fall-and-winter-months,Fall Fashion - Go Bold With Layers,6,2,https://brushonblock.com/blogs/news/three-favorite-pumpkin-treats-for-your-skin; https://brushonblock.com/blogs/news/vegan-makeup-for-animal-lovers
https://brushonblock.com/blogs/news/three-favorite-pumpkin-treats-for-your-skin,Three Favorite Pumpkin Treats For Your Skin,6,2,https://brushonblock.com/blogs/news/importance-of-wearing-sunscreen-in-the-fall-and-winter-months; https://brushonblock.com/blogs/news/tasty-treats-you-wont-mind-are-vegan
https://brushonblock.com/blogs/news/resolve-to-reapply,Resolve to Reapply,6,2,https://brushonblock.com/blogs/news/sun-protection-on-snow-and-ice; https://brushonblock.com/blogs/news/tasty-treats-you-wont-mind-are-vegan
https://brushonblock.com/blogs/news/tasty-treats-you-wont-mind-are-vegan,Tasty Treats To Enjoy With Friends &amp; Family,6,2,https://brushonblock.com/blogs/news/resolve-to-reapply; https://brushonblock.com/blogs/news/three-favorite-pumpkin-treats-for-your-skin
https://brushonblock.com/blogs/news/sun-protection-on-snow-and-ice,Sun Protection on Snow and Ice,6,2,https://brushonblock.com/blogs/news/resolve-to-reapply; https://brushonblock.com/blogs/news/select-the-best-sun-protection-for-your-vacation
https://brushonblock.com/blogs/news/select-the-best-sun-protection-for-your-vacation,Best Sun Protection for Your Vacation,6,2,https://brushonblock.com/blogs/news/sun-protection-on-snow-and-ice; https://brushonblock.com/blogs/news/why-brush-on-block-is-best
https://brushonblock.com/blogs/news/why-brush-on-block-is-best,Why BRUSH ON BLOCK® Is Best,6,2,https://brushonblock.com/blogs/news/how-it-is-made-the-making-of-our-brush; https://brushonblock.com/blogs/news/select-the-best-sun-protection-for-your-vacation
https://brushonblock.com/blogs/news/reflections-on-international-womens-day-from-brush-on-block-founder-andrea-wetsel,Reflections on International Women&#39;s Day from BRUSH ON BLOCK® Founder Andrea Wetsel,6,2,https://brushonblock.com/blogs/news/how-it-is-made-the-making-of-our-brush; https://brushonblock.com/blogs/news/why-your-lips-deserve-protective-lip-oil-spf-32
https://brushonblock.com/blogs/news/how-it-is-made-the-making-of-our-brush,How It Is Made: The Making Of Our Brush,6,2,https://brushonblock.com/blogs/news/reflections-on-international-womens-day-from-brush-on-block-founder-andrea-wetsel; https://brushonblock.com/blogs/news/why-brush-on-block-is-best
https://brushonblock.com/blogs/news/why-your-lips-deserve-protective-lip-oil-spf-32,Why your lips deserve Protective Lip Oil SPF 32,6,2,https://brushonblock.com/blogs/news/get-moving-this-month; https://brushonblock.com/blogs/news/reflections-on-international-womens-day-from-brush-on-block-founder-andrea-wetsel
https://brushonblock.com/blogs/news/caring-for-our-earth,Celebrate Earth Day April 22,6,2,https://brushonblock.com/blogs/news/bob-kids-start-good-sunscreen-habits-early; https://brushonblock.com/blogs/news/suncare-and-tattoos
https://brushonblock.com/blogs/news/sun-protection-tips-part-1,Sun Protection Tips - Part 1,6,2,https://brushonblock.com/blogs/news/does-mineral-powder-sunscreen-really-work; https://brushonblock.com/blogs/news/suncare-and-tattoos
https://brushonblock.com/blogs/news/get-moving-this-month,Get Moving This Month!,6,2,https://brushonblock.com/blogs/news/bob-kids-start-good-sunscreen-habits-early; https://brushonblock.com/blogs/news/why-your-lips-deserve-protective-lip-oil-spf-32
https://brushonblock.com/blogs/news/bob-kids-start-good-sunscreen-habits-early,BOB KIDS - Start Good Sunscreen Habits Early,6,2,https://brushonblock.com/blogs/news/caring-for-our-earth; https://brushonblock.com/blogs/news/get-moving-this-month
https://brushonblock.com/blogs/news/suncare-and-tattoos,Sunscreen and Tattoos,6,2,https://brushonblock.com/blogs/news/caring-for-our-earth; https://brushonblock.com/blogs/news/sun-protection-tips-part-1
https://brushonblock.com/blogs/news/sun-protection-tips-part-2,Sun Protection Tips - Part 2,6,2,https://brushonblock.com/blogs/news/does-mineral-powder-sunscreen-really-work; https://brushonblock.com/blogs/news/skincancerawareness
https://brushonblock.com/blogs/news/sun-protection-tips-part-3,Sun Protection Tips - Part 3,6,2,https://brushonblock.com/blogs/news/a-survivors-story; https://brushonblock.com/blogs/news/skincancerawareness
https://brushonblock.com/blogs/news/does-mineral-powder-sunscreen-really-work,Does Mineral Powder Sunscreen REALLY Work?,6,2,https://brushonblock.com/blogs/news/sun-protection-tips-part-1; https://brushonblock.com/blogs/news/sun-protection-tips-part-2
https://brushonblock.com/blogs/news/skincancerawareness,May is Skin Cancer Awareness Month,6,2,https://brushonblock.com/blogs/news/sun-protection-tips-part-2; https://brushonblock.com/blogs/news/sun-protection-tips-part-3
https://brushonblock.com/blogs/news/a-survivors-story,A Survivors Story I,6,2,https://brushonblock.com/blogs/news/fathers-day-skincare-gift-guide; https://brushonblock.com/blogs/news/sun-protection-tips-part-3
https://brushonblock.com/blogs/news/a-pre-fireworks-picnic,A Pre-Fireworks Picnic,6,2,https://brushonblock.com/blogs/news/fathers-day-skincare-gift-guide; https://brushonblock.com/blogs/news/it-s-not-makeup-what-we-want-men-to-know-about-bob
https://brushonblock.com/blogs/news/fathers-day-skincare-gift-guide,Father&#39;s Day Skincare Gift Guide,6,2,https://brushonblock.com/blogs/news/a-pre-fireworks-picnic; https://brushonblock.com/blogs/news/a-survivors-story
https://brushonblock.com/blogs/news/it-s-not-makeup-what-we-want-men-to-know-about-bob,It&#39;s NOT Makeup (What We Want Men to Know About BOB),6,2,https://brushonblock.com/blogs/news/a-pre-fireworks-picnic; https://brushonblock.com/blogs/news/reap-your-very-own-fall-harvest
https://brushonblock.com/blogs/news/reap-your-very-own-fall-harvest,Reap Your Very Own Fall Harvest,6,2,https://brushonblock.com/blogs/news/a-cause-near-and-dear-to-our-hearts; https://brushonblock.com/blogs/news/it-s-not-makeup-what-we-want-men-to-know-about-bob
https://brushonblock.com/blogs/news/brush-on-blocks-recommended-thanksgiving-recipes,Brush On Block&#39;s Recommended Thanksgiving Recipes!,6,2,https://brushonblock.com/blogs/news/cloudy-day-brush-away; https://brushonblock.com/blogs/news/family-activities-to-keep-everyone-sane-over-the-holidays
https://brushonblock.com/blogs/news/set-yourself-up-for-success-in-2020,Set Yourself Up for Success in 2020!,6,2,https://brushonblock.com/blogs/news/family-activities-to-keep-everyone-sane-over-the-holidays; https://brushonblock.com/blogs/news/sun-protection-in-the-snow
https://brushonblock.com/blogs/news/festivals,Best Music Festivals and your Festival Must-Haves,6,2,https://brushonblock.com/blogs/news/earth-day-is-turning-50; https://brushonblock.com/blogs/news/safe-self-tanning
https://brushonblock.com/blogs/news/teaching-your-children-to-apply-sunscreen,Teaching your children to apply sunscreen,6,2,https://brushonblock.com/blogs/news/earth-day-is-turning-50; https://brushonblock.com/blogs/news/the-myth-of-the-base-tan
https://brushonblock.com/blogs/news/let-s-talk-about-why-skin-care-professionals-choose-brush-on-block,Let’s Talk About Why Skin Care Professionals Choose Brush On Block,6,2,https://brushonblock.com/blogs/news/do-you-need-spf-indoors-in-the-car; https://brushonblock.com/blogs/news/national-oceans-month
https://brushonblock.com/blogs/news/help-protect-marine-life-during-national-ocean-month-and-beyond,Help protect marine life during National Ocean Month and beyond,6,2,https://brushonblock.com/blogs/news/grandma-what-beautiful-skin-you-have; https://brushonblock.com/blogs/news/national-oceans-month
https://brushonblock.com/blogs/news/lip-oil-shade-expansion,Protect your Lips with Fresh Color,6,2,https://brushonblock.com/blogs/news/do-you-need-spf-indoors-in-the-car; https://brushonblock.com/blogs/news/the-myth-of-the-base-tan
https://brushonblock.com/blogs/news/cloudy-day-brush-away,Why Wear Sunscreen On A Cloudy Day,6,2,https://brushonblock.com/blogs/news/a-cause-near-and-dear-to-our-hearts; https://brushonblock.com/blogs/news/brush-on-blocks-recommended-thanksgiving-recipes
https://brushonblock.com/blogs/news/family-activities-to-keep-everyone-sane-over-the-holidays,Family Activities to Keep Everyone Sane Over the Holidays,6,2,https://brushonblock.com/blogs/news/brush-on-blocks-recommended-thanksgiving-recipes; https://brushonblock.com/blogs/news/set-yourself-up-for-success-in-2020
https://brushonblock.com/blogs/news/a-cause-near-and-dear-to-our-hearts,A Cause Near and Dear to our Hearts,6,2,https://brushonblock.com/blogs/news/cloudy-day-brush-away; https://brushonblock.com/blogs/news/reap-your-very-own-fall-harvest
https://brushonblock.com/blogs/news/love-your-lips-self-care-tips,Tips to Help You Love Your Lips,6,2,https://brushonblock.com/blogs/news/sun-protection-in-the-snow; https://brushonblock.com/blogs/news/that-uv-index-on-your-phone-what-it-means
https://brushonblock.com/blogs/news/top-spring-break-destinations-for-families,Top Spring Break Destinations for Families,6,2,https://brushonblock.com/blogs/news/safe-self-tanning; https://brushonblock.com/blogs/news/that-uv-index-on-your-phone-what-it-means
https://brushonblock.com/blogs/news/safe-self-tanning,Safe Self-Tanning,6,2,https://brushonblock.com/blogs/news/festivals; https://brushonblock.com/blogs/news/top-spring-break-destinations-for-families
https://brushonblock.com/blogs/news/earth-day-is-turning-50,Earth Day is Turning 50!,6,2,https://brushonblock.com/blogs/news/festivals; https://brushonblock.com/blogs/news/teaching-your-children-to-apply-sunscreen
https://brushonblock.com/blogs/news/that-uv-index-on-your-phone-what-it-means,What the UV Index on your Phone Means,6,2,https://brushonblock.com/blogs/news/love-your-lips-self-care-tips; https://brushonblock.com/blogs/news/top-spring-break-destinations-for-families
https://brushonblock.com/blogs/news/sun-protection-in-the-snow,Sun Protection in the Snow,6,2,https://brushonblock.com/blogs/news/love-your-lips-self-care-tips; https://brushonblock.com/blogs/news/set-yourself-up-for-success-in-2020
https://brushonblock.com/blogs/news/the-myth-of-the-base-tan,The Myth of the Base Tan,6,2,https://brushonblock.com/blogs/news/lip-oil-shade-expansion; https://brushonblock.com/blogs/news/teaching-your-children-to-apply-sunscreen
https://brushonblock.com/blogs/news/do-you-need-spf-indoors-in-the-car,Do you need SPF indoors? In the car?,6,2,https://brushonblock.com/blogs/news/let-s-talk-about-why-skin-care-professionals-choose-brush-on-block; https://brushonblock.com/blogs/news/lip-oil-shade-expansion
https://brushonblock.com/blogs/news/translucent-or-touch-of-tan,Translucent or Touch of Tan?,6,2,https://brushonblock.com/blogs/news/back-to-school-kids; https://brushonblock.com/blogs/news/grandma-what-beautiful-skin-you-have
https://brushonblock.com/blogs/news/national-oceans-month,June is National Oceans Month,6,2,https://brushonblock.com/blogs/news/help-protect-marine-life-during-national-ocean-month-and-beyond; https://brushonblock.com/blogs/news/let-s-talk-about-why-skin-care-professionals-choose-brush-on-block
https://brushonblock.com/blogs/news/what-i-thought-vs-what-i-learned-sunscreen-101,Sunscreen 101: What I thought vs. What I Learned,6,2,https://brushonblock.com/blogs/news/how-do-i-know-if-im-wearing-enough-brush-on-block; https://brushonblock.com/blogs/news/sunscreen-testing-what-it-means-to-consumers
https://brushonblock.com/blogs/news/grandma-what-beautiful-skin-you-have,"Grandma, What Beautiful Skin You Have!",6,2,https://brushonblock.com/blogs/news/help-protect-marine-life-during-national-ocean-month-and-beyond; https://brushonblock.com/blogs/news/translucent-or-touch-of-tan
https://brushonblock.com/blogs/news/back-to-school-kids,When Fall doesn&#39;t mean Back to School,6,2,https://brushonblock.com/blogs/news/take-labor-day-to-be-grateful; https://brushonblock.com/blogs/news/translucent-or-touch-of-tan
https://brushonblock.com/blogs/news/take-labor-day-to-be-grateful,"This Labor Day, show Gratitude",6,2,https://brushonblock.com/blogs/news/back-to-school-kids; https://brushonblock.com/blogs/news/stay-healthy-mentally
https://brushonblock.com/blogs/news/stay-healthy-mentally,Stay Healthy Mentally,6,2,https://brushonblock.com/blogs/news/roadtrip-ready-for-the-holidays; https://brushonblock.com/blogs/news/take-labor-day-to-be-grateful
https://brushonblock.com/blogs/news/roadtrip-ready-for-the-holidays,Roadtrip Ready for the Holidays,6,2,https://brushonblock.com/blogs/news/celebrate-lunar-new-year-welcome-the-ox; https://brushonblock.com/blogs/news/stay-healthy-mentally
https://brushonblock.com/blogs/news/celebrate-lunar-new-year-welcome-the-ox,Celebrate Lunar New Year - Welcome the Ox!,6,2,https://brushonblock.com/blogs/news/lip-care; https://brushonblock.com/blogs/news/roadtrip-ready-for-the-holidays
https://brushonblock.com/blogs/news/do-i-really-need-sunscreen-in-fall-and-winter,Do I really need sunscreen in Fall and Winter?,6,2,https://brushonblock.com/blogs/news/how-to-avoid-itchy-dry-skin-in-winter; https://brushonblock.com/blogs/news/sunglasses-more-than-just-a-fashionable-accessory
https://brushonblock.com/blogs/news/self-care-tips-for-winter-weather,Self-Care Tips for Winter Weather,6,2,https://brushonblock.com/blogs/news/how-to-avoid-itchy-dry-skin-in-winter; https://brushonblock.com/blogs/news/introducing-bob-kids-sun-balm-spf-40
https://brushonblock.com/blogs/news/lip-care,Lip Care The Ultimate Guide To Beautiful Healthy Lips,6,2,https://brushonblock.com/blogs/news/celebrate-lunar-new-year-welcome-the-ox; https://brushonblock.com/blogs/news/clear-your-skin-in-time-for-the-summer-sun
https://brushonblock.com/blogs/news/clear-your-skin-in-time-for-the-summer-sun,Clear your skin in time for the summer sun!,6,2,https://brushonblock.com/blogs/news/learn-about-the-drug-facts-on-your-sunscreen; https://brushonblock.com/blogs/news/lip-care
https://brushonblock.com/blogs/news/every-day-should-be-earth-day,Every day should be Earth Day,6,2,https://brushonblock.com/blogs/news/introducing-nobodys-perfect-daily-repair-oil; https://brushonblock.com/blogs/news/packing-for-hawaii-make-sure-you-know-the-latest-sunscreen-bans
https://brushonblock.com/blogs/news/spf-sunscreen-tattoos,Sunscreen For Tattoos: How To Keep Your Tattoo Looking Its Best,6,2,https://brushonblock.com/blogs/news/sunscreen-who-invented-sunscreen; https://brushonblock.com/blogs/news/what-does-the-uv-index-mean
https://brushonblock.com/blogs/news/sunscreen-who-invented-sunscreen,When was Sunscreen Invented –  The History of Sunscreen,6,2,https://brushonblock.com/blogs/news/brush-on-block-is-peta-approved-vegan-animal-test-free; https://brushonblock.com/blogs/news/spf-sunscreen-tattoos
https://brushonblock.com/blogs/news/sunscreen-every-day,Sunscreen Every Day Is Easier Than You Think,6,2,https://brushonblock.com/blogs/news/international-womens-day; https://brushonblock.com/blogs/news/our-refreshed-brush-makes-its-debut
https://brushonblock.com/blogs/news/introducing-quick-stick-spf-40-mineral-sunscreen,Introducing Quick Stick SPF 40 Mineral Sunscreen,6,2,https://brushonblock.com/blogs/news/3-in-1-moisturizer-sunscreen-skin-tint-in-one-simple-step; https://brushonblock.com/blogs/news/international-womens-day
https://brushonblock.com/blogs/news/welcome-to-skin-cancer-awareness-month,Why you should care about Skin Cancer Awareness Month,6,2,https://brushonblock.com/blogs/news/brush-on-block-is-peta-approved-vegan-animal-test-free; https://brushonblock.com/blogs/news/what-is-the-pa-rating-system-and-how-can-it-help-me-protect-my-skin
https://brushonblock.com/blogs/news/introducing-nobodys-perfect-daily-repair-oil,Discover Nobody&#39;s Perfect Daily Face Oil,6,2,https://brushonblock.com/blogs/news/every-day-should-be-earth-day; https://brushonblock.com/blogs/news/sunscreen-is-a-drug-what-that-means-to-you
https://brushonblock.com/blogs/news/have-a-great-summer,Don’t let sunburn put a damper on your fun!,6,2,https://brushonblock.com/blogs/news/skin-care-advice-for-men; https://brushonblock.com/blogs/news/what-is-the-pa-rating-system-and-how-can-it-help-me-protect-my-skin
https://brushonblock.com/blogs/news/earth-day-spotlight-brush-on-blocks-sustainable-packaging,Earth Day Spotlight: Brush On Block&#39;s Sustainable Packaging,6,2,https://brushonblock.com/blogs/news/3-in-1-moisturizer-sunscreen-skin-tint-in-one-simple-step; https://brushonblock.com/blogs/news/talking-sunscreen-with-dermatologist-dr-elizabeth-berry
https://brushonblock.com/blogs/news/bounce-butter-our-first-product-made-exclusively-for-the-body,Bounce Butter: Made Exclusively for the Body,6,2,https://brushonblock.com/blogs/news/how-the-brush-works; https://brushonblock.com/blogs/news/talking-sunscreen-with-dermatologist-dr-elizabeth-berry
https://brushonblock.com/blogs/news/skin-care-advice-for-men,Skin Care Advice for Men,6,2,https://brushonblock.com/blogs/news/brush-on-block-essentials; https://brushonblock.com/blogs/news/have-a-great-summer
https://brushonblock.com/blogs/news/differences,Selecting a Sunscreen: What&#39;s the Difference?,6,2,https://brushonblock.com/blogs/news/sunscreen-is-a-drug-what-that-means-to-you; https://brushonblock.com/blogs/news/welcome-to-summer-playlist
https://brushonblock.com/blogs/news/summer-sunscreen-checklist-things-to-remember,Summer Sunscreen Checklist – Things to Remember,6,2,https://brushonblock.com/blogs/news/sunscreen-testing-what-it-means-to-consumers; https://brushonblock.com/blogs/news/welcome-to-summer-playlist
https://brushonblock.com/blogs/news/brush-on-block-essentials,Brush On Block Essentials,6,2,https://brushonblock.com/blogs/news/no-slip-no-drip-all-grip; https://brushonblock.com/blogs/news/skin-care-advice-for-men
https://brushonblock.com/blogs/news/no-slip-no-drip-all-grip,"No Slip, No Drip - All Grip!",6,2,https://brushonblock.com/blogs/news/brush-on-block-essentials; https://brushonblock.com/blogs/news/what-is-an-antioxidant-and-why-do-i-care
https://brushonblock.com/blogs/news/what-is-an-antioxidant-and-why-do-i-care,What is an Antioxidant and why do I care?,6,2,https://brushonblock.com/blogs/news/no-slip-no-drip-all-grip; https://brushonblock.com/blogs/news/sunglasses-more-than-just-a-fashionable-accessory
https://brushonblock.com/blogs/news/sunglasses-more-than-just-a-fashionable-accessory,Sunglasses - More Than Just a Fashionable Accessory,6,2,https://brushonblock.com/blogs/news/do-i-really-need-sunscreen-in-fall-and-winter; https://brushonblock.com/blogs/news/what-is-an-antioxidant-and-why-do-i-care
https://brushonblock.com/blogs/news/how-to-avoid-itchy-dry-skin-in-winter,"How to Avoid Itchy, Dry Skin in Winter",6,2,https://brushonblock.com/blogs/news/do-i-really-need-sunscreen-in-fall-and-winter; https://brushonblock.com/blogs/news/self-care-tips-for-winter-weather
https://brushonblock.com/blogs/news/introducing-bob-kids-sun-balm-spf-40,Introducing BOB Kids Mineral Sun Balm SPF 40,6,2,https://brushonblock.com/blogs/news/i-will-wear-my-sunscreen-every-day-and-other-2023-resolutions; https://brushonblock.com/blogs/news/self-care-tips-for-winter-weather
https://brushonblock.com/blogs/news/i-will-wear-my-sunscreen-every-day-and-other-2023-resolutions,Set Your Goals for 2023,6,2,https://brushonblock.com/blogs/news/introducing-bob-kids-sun-balm-spf-40; https://brushonblock.com/blogs/news/understanding-our-icons
https://brushonblock.com/blogs/news/understanding-our-icons,Understanding our Icons,6,2,https://brushonblock.com/blogs/news/i-will-wear-my-sunscreen-every-day-and-other-2023-resolutions; https://brushonblock.com/blogs/news/introducing-sheer-genius-mineral-sunscreen-moisture-spf-50
https://brushonblock.com/blogs/news/introducing-sheer-genius-mineral-sunscreen-moisture-spf-50,Introducing Sheer Genius Mineral Sunscreen + Moisture SPF 50,6,2,https://brushonblock.com/blogs/news/understanding-our-icons; https://brushonblock.com/blogs/news/you-asked-we-listened-new-spf-50-brush-on-block
https://brushonblock.com/blogs/news/you-asked-we-listened-new-spf-50-brush-on-block,"You Asked, We Listened: New SPF 50 Brush On Block",6,2,https://brushonblock.com/blogs/news/introducing-sheer-genius-mineral-sunscreen-moisture-spf-50; https://brushonblock.com/blogs/news/packing-for-hawaii-make-sure-you-know-the-latest-sunscreen-bans
https://brushonblock.com/blogs/news/welcome-to-summer-playlist,Playlist: Welcome to Summer,6,2,https://brushonblock.com/blogs/news/differences; https://brushonblock.com/blogs/news/summer-sunscreen-checklist-things-to-remember
https://brushonblock.com/blogs/news/how-do-i-know-if-im-wearing-enough-brush-on-block,How do I know if I&#39;m wearing enough Brush On Block?,6,2,https://brushonblock.com/blogs/news/certified-women-owned-business; https://brushonblock.com/blogs/news/what-i-thought-vs-what-i-learned-sunscreen-101
https://brushonblock.com/blogs/news/brush-on-block-has-a-mineral-powder-sunscreen-for-everyone,Brush On Block has a Mineral Powder Sunscreen for everyone!,6,2,https://brushonblock.com/blogs/news/certified-women-owned-business; https://brushonblock.com/blogs/news/what-brush-on-block-staffers-cant-live-without
https://brushonblock.com/blogs/news/what-brush-on-block-staffers-cant-live-without,What Brush On Block Staffers Can&#39;t Live Without,6,2,https://brushonblock.com/blogs/news/brush-on-block-has-a-mineral-powder-sunscreen-for-everyone; https://brushonblock.com/blogs/news/new-look-new-name-new-claim
https://brushonblock.com/blogs/news/new-look-new-name-new-claim,"New Look, New Name, New Claim!",6,2,https://brushonblock.com/blogs/news/sun-protection-and-fall-sports; https://brushonblock.com/blogs/news/what-brush-on-block-staffers-cant-live-without
https://brushonblock.com/blogs/news/sun-protection-and-fall-sports,Sun Protection and Fall Sports,6,2,https://brushonblock.com/blogs/news/new-look-new-name-new-claim; https://brushonblock.com/blogs/news/our-refreshed-brush-makes-its-debut
https://brushonblock.com/blogs/news/our-refreshed-brush-makes-its-debut,Our Refreshed Brush Makes Its Debut!,6,2,https://brushonblock.com/blogs/news/sun-protection-and-fall-sports; https://brushonblock.com/blogs/news/sunscreen-every-day
https://brushonblock.com/blogs/news/sheer-genius-spf-50-untinted-gets-an-upgrade,Sheer Genius SPF 50 Untinted Gets an Upgrade,6,2,https://brushonblock.com/blogs/news/keep-your-lips-in-shape-all-year-round; https://brushonblock.com/blogs/news/playlist-a-very-bob-holiday
https://brushonblock.com/blogs/news/how-to-keep-your-skin-hydrated-and-healthy-this-winter,How to Keep Your Skin Hydrated and Healthy This Winter,6,2,https://brushonblock.com/blogs/news/brush-up-your-sunscreen-knowledge-14-things-to-know-before-you-buy; https://brushonblock.com/blogs/news/playlist-a-very-bob-holiday
https://brushonblock.com/blogs/news/brush-up-your-sunscreen-knowledge-14-things-to-know-before-you-buy,Brush Up Your Sunscreen Knowledge: 14 Things To Know Before You Buy,6,2,https://brushonblock.com/blogs/news/how-to-keep-your-skin-hydrated-and-healthy-this-winter; https://brushonblock.com/blogs/news/sunscreen-for-winter-sports
https://brushonblock.com/blogs/news/new-refreshed-spf-30-mineral-powder-formula,"Love Your Skin With Our New, Refreshed SPF 30 Mineral Powder Formula",6,2,https://brushonblock.com/blogs/news/black-women-inventors-who-changed-the-world; https://brushonblock.com/blogs/news/sunscreen-for-winter-sports
https://brushonblock.com/blogs/news/international-womens-day,International Women&#39;s Day - #InspireInclusion,6,2,https://brushonblock.com/blogs/news/introducing-quick-stick-spf-40-mineral-sunscreen; https://brushonblock.com/blogs/news/sunscreen-every-day
https://brushonblock.com/blogs/news/3-in-1-moisturizer-sunscreen-skin-tint-in-one-simple-step,"3 in 1: Moisturizer, Sunscreen &amp; Skin Tint in One Simple Step",6,2,https://brushonblock.com/blogs/news/earth-day-spotlight-brush-on-blocks-sustainable-packaging; https://brushonblock.com/blogs/news/introducing-quick-stick-spf-40-mineral-sunscreen
https://brushonblock.com/blogs/news/talking-sunscreen-with-dermatologist-dr-elizabeth-berry,Kids and Sunscreen with Dr. Elizabeth Berry,6,2,https://brushonblock.com/blogs/news/bounce-butter-our-first-product-made-exclusively-for-the-body; https://brushonblock.com/blogs/news/earth-day-spotlight-brush-on-blocks-sustainable-packaging
https://brushonblock.com/blogs/news/how-the-brush-works,How the brush works,6,2,https://brushonblock.com/blogs/news/bounce-butter-our-first-product-made-exclusively-for-the-body; https://brushonblock.com/blogs/news/skin-cancer-awareness-profile
https://brushonblock.com/blogs/news/skin-cancer-awareness-profile,Skin Cancer Awareness Profile: Katie Tillman,6,2,https://brushonblock.com/blogs/news/help-kids-build-sunscreen-habits; https://brushonblock.com/blogs/news/how-the-brush-works
https://brushonblock.com/blogs/news/help-kids-build-sunscreen-habits,Help kids build sunscreen habits,6,2,https://brushonblock.com/blogs/news/brush-on-block-touch-of-tan-vs-translucent; https://brushonblock.com/blogs/news/skin-cancer-awareness-profile
https://brushonblock.com/blogs/news/sunscreen-for-winter-sports,Sunscreen for Winter Sports,6,2,https://brushonblock.com/blogs/news/brush-up-your-sunscreen-knowledge-14-things-to-know-before-you-buy; https://brushonblock.com/blogs/news/new-refreshed-spf-30-mineral-powder-formula
https://brushonblock.com/blogs/news/black-women-inventors-who-changed-the-world,Black Women Inventors Who Changed the World,6,2,https://brushonblock.com/blogs/news/accelerate-action-supporting-women-owned-businesses; https://brushonblock.com/blogs/news/new-refreshed-spf-30-mineral-powder-formula
https://brushonblock.com/blogs/news/brush-on-block-touch-of-tan-vs-translucent,Brush on Block Touch of Tan vs. Translucent,6,2,https://brushonblock.com/blogs/news/help-kids-build-sunscreen-habits; https://brushonblock.com/blogs/news/keep-your-lips-in-shape-all-year-round
https://brushonblock.com/blogs/news/keep-your-lips-in-shape-all-year-round,Keep your lips in shape all year-round,6,2,https://brushonblock.com/blogs/news/brush-on-block-touch-of-tan-vs-translucent; https://brushonblock.com/blogs/news/sheer-genius-spf-50-untinted-gets-an-upgrade
https://brushonblock.com/blogs/news/playlist-a-very-bob-holiday,Playlist: A Very BOB Holiday,6,2,https://brushonblock.com/blogs/news/how-to-keep-your-skin-hydrated-and-healthy-this-winter; https://brushonblock.com/blogs/news/sheer-genius-spf-50-untinted-gets-an-upgrade
https://brushonblock.com/blogs/news/accelerate-action-supporting-women-owned-businesses,Accelerate Action: Supporting Women-Owned Businesses,6,2,https://brushonblock.com/blogs/news/black-women-inventors-who-changed-the-world; https://brushonblock.com/blogs/news/tiny-and-mighty-plastic-free-refills-are-here
https://brushonblock.com/blogs/news/we-have-a-winner-bounce-butter-wins-indie-beauty-award,"We Have a Winner! Bounce Butter, Best Finished Formula",6,2,https://brushonblock.com/blogs/news/refilling-is-rewarding; https://brushonblock.com/blogs/news/tiny-and-mighty-plastic-free-refills-are-here
https://brushonblock.com/blogs/news/refilling-is-rewarding,Refilling is Rewarding,6,2,https://brushonblock.com/blogs/news/happy-earth-day-our-power-our-planet; https://brushonblock.com/blogs/news/we-have-a-winner-bounce-butter-wins-indie-beauty-award
https://brushonblock.com/blogs/news/tagged/clean-beauty-spf,Brush on Block® Blog,5,5,https://brushonblock.com/blogs/news; https://brushonblock.com/blogs/news/117704708-the-7-best-skincare-products-30-and-under; https://brushonblock.com/blogs/news/117706436-6-surprising-things-you-do-that-age-your-skin
https://brushonblock.com/blogs/news/tagged/men-skin-tips,Brush on Block® Blog,5,5,https://brushonblock.com/blogs/news; https://brushonblock.com/blogs/news/117705476-5-great-outdoor-activities-to-do-as-a-family; https://brushonblock.com/blogs/news/117705924-5-red-hot-sun-protection-mistakes-men-make
https://brushonblock.com/blogs/news/tagged/protective-lip-oil,Brush on Block® Blog,5,5,https://brushonblock.com/blogs/news; https://brushonblock.com/blogs/news/lip-care; https://brushonblock.com/blogs/news/lip-oil-shade-expansion
https://brushonblock.com/blogs/news/tagged/spring-sunscreen-tips,Brush on Block® Blog,5,5,https://brushonblock.com/blogs/news; https://brushonblock.com/blogs/news/117702852-5-fresh-ideas-for-outdoor-spring-fun; https://brushonblock.com/blogs/news/118500484-beauty-trends-for-spring
https://brushonblock.com/blogs/news/tagged/tsa-approved,Brush on Block® Blog,5,5,https://brushonblock.com/blogs/news; https://brushonblock.com/blogs/news/3-holiday-packing-tips-for-trips; https://brushonblock.com/blogs/news/sun-protection-tips-part-3
https://brushonblock.com/blogs/news/tagged/brush-on-suncreen,Brush on Block® Blog,4,4,https://brushonblock.com/blogs/news; https://brushonblock.com/blogs/news/a-cause-near-and-dear-to-our-hearts; https://brushonblock.com/blogs/news/travis-forrester-evans-photographer-brush-on-block-user
https://brushonblock.com/blogs/news/tagged/convenience,Brush on Block® Blog,4,4,https://brushonblock.com/blogs/news; https://brushonblock.com/blogs/news/do-you-need-spf-indoors-in-the-car; https://brushonblock.com/blogs/news/festivals
https://brushonblock.com/blogs/news/tagged/reef-safe,Brush on Block® Blog,4,4,https://brushonblock.com/blogs/news; https://brushonblock.com/blogs/news/brush-on-block-is-peta-approved-vegan-animal-test-free; https://brushonblock.com/blogs/news/teaching-your-children-to-apply-sunscreen
https://brushonblock.com/blogs/news/tagged/spf-sunscreen,Brush on Block® Blog,4,4,https://brushonblock.com/blogs/news; https://brushonblock.com/blogs/news/brush-on-block-user-dr-lauren-boudreaux-dermatologist; https://brushonblock.com/blogs/news/spf-sunscreen-tattoos
https://brushonblock.com/blogs/news/tagged/tips,Brush on Block® Blog,4,4,https://brushonblock.com/blogs/news; https://brushonblock.com/blogs/news/117706116-does-makeup-with-an-spf-provide-enough-sun-protection; https://brushonblock.com/blogs/news/lip-care
https://brushonblock.com/blogs/news/tagged/year-round-sun-care,Brush on Block® Blog,4,4,https://brushonblock.com/blogs/news; https://brushonblock.com/blogs/news/117706180-5-totally-bizarre-facials; https://brushonblock.com/blogs/news/5-ways-exercise-makes-your-gorgeous
https://brushonblock.com/blogs/news/tagged/beach,Brush on Block® Blog,3,3,https://brushonblock.com/blogs/news; https://brushonblock.com/blogs/news/national-oceans-month; https://brushonblock.com/blogs/news/top-spring-break-destinations-for-families
https://brushonblock.com/blogs/news/tagged/beauty,Brush on Block® Blog,3,3,https://brushonblock.com/blogs/news; https://brushonblock.com/blogs/news/117706116-does-makeup-with-an-spf-provide-enough-sun-protection; https://brushonblock.com/blogs/news/introducing-nobodys-perfect-daily-repair-oil
https://brushonblock.com/blogs/news/tagged/fall-sun-protection,Brush on Block® Blog,3,3,https://brushonblock.com/blogs/news; https://brushonblock.com/blogs/news/117704324-5-autumn-skin-care-blunders-you-may-be-making; https://brushonblock.com/blogs/news/fall-is-here-is-do-i-need-to-wear-sunscreen
https://brushonblock.com/blogs/news/tagged/history,Brush on Block® Blog,3,3,https://brushonblock.com/blogs/news; https://brushonblock.com/blogs/news/brush-on-blocks-story; https://brushonblock.com/blogs/news/sunscreen-who-invented-sunscreen
https://brushonblock.com/blogs/news/tagged/make-up,Brush on Block® Blog,3,3,https://brushonblock.com/blogs/news; https://brushonblock.com/blogs/news/117706116-does-makeup-with-an-spf-provide-enough-sun-protection; https://brushonblock.com/blogs/news/lip-oil-shade-expansion
https://brushonblock.com/blogs/news/tagged/makeup,Brush on Block® Blog,3,3,https://brushonblock.com/blogs/news; https://brushonblock.com/blogs/news/117703236-how-make-up-affects-your-skin-choosing-the-right-look-for-valentine-s-day; https://brushonblock.com/blogs/news/117706116-does-makeup-with-an-spf-provide-enough-sun-protection
https://brushonblock.com/blogs/news/tagged/protect-your-pout,Brush on Block® Blog,3,3,https://brushonblock.com/blogs/news; https://brushonblock.com/blogs/news/lip-oil-shade-expansion; https://brushonblock.com/blogs/news/love-your-lips-self-care-tips
https://brushonblock.com/blogs/news/tagged/skincare-myths,Brush on Block® Blog,3,3,https://brushonblock.com/blogs/news; https://brushonblock.com/blogs/news/117644612-true-or-false-mythbusting-skincare-home-remedies; https://brushonblock.com/blogs/news/117706116-does-makeup-with-an-spf-provide-enough-sun-protection
https://brushonblock.com/blogs/news/tagged/sun-safety-tips,Brush on Block® Blog,3,3,https://brushonblock.com/blogs/news; https://brushonblock.com/blogs/news/117703684-fighting-pale-winter-skin-are-sunless-tanners-safe; https://brushonblock.com/blogs/news/top-3-tips-to-use-sunscreen-properly
https://brushonblock.com/blogs/news/tagged/sunscreen-for-tattoo,Brush on Block® Blog,3,3,https://brushonblock.com/blogs/news; https://brushonblock.com/blogs/news/getting-inked-how-tattoos-affect-your-skin; https://brushonblock.com/blogs/news/spf-sunscreen-tattoos
https://brushonblock.com/blogs/news/tagged/vacation-essentials,Brush on Block® Blog,3,3,https://brushonblock.com/blogs/news; https://brushonblock.com/blogs/news/117702596-turn-up-how-alcohol-affects-your-skin; https://brushonblock.com/blogs/news/117705604-6-simple-steps-to-shore-up-your-summer-skin-care-routine
https://brushonblock.com/blogs/news/tagged/vegan-friendly,Brush on Block® Blog,3,3,https://brushonblock.com/blogs/news; https://brushonblock.com/blogs/news/117704836-you-are-what-you-eat; https://brushonblock.com/blogs/news/117706436-6-surprising-things-you-do-that-age-your-skin
https://brushonblock.com/blogs/news/tagged/vitamin-c,Brush on Block® Blog,3,3,https://brushonblock.com/blogs/news; https://brushonblock.com/blogs/news/117704836-you-are-what-you-eat; https://brushonblock.com/blogs/news/117705860-fantastic-foods-for-boosting-your-skins-spf
https://brushonblock.com/blogs/news/117702532-how-sugary-drinks-affect-your-skin,How Sugary Drinks Affect Your Skin,3,1,https://brushonblock.com/blogs/news/117701892-chlorine-and-salt-how-the-ocean-and-the-pool-affect-your-skin
https://brushonblock.com/blogs/news/117702852-5-fresh-ideas-for-outdoor-spring-fun,5 Fresh Ideas for Outdoor Spring Fun,3,1,https://brushonblock.com/blogs/news/117702916-age-and-beauty-how-your-skincare-routine-should-change-as-you-age
https://brushonblock.com/blogs/news/117706436-6-surprising-things-you-do-that-age-your-skin,6 Surprising Things You Do That Age Your Skin,3,1,https://brushonblock.com/blogs/news/117706116-does-makeup-with-an-spf-provide-enough-sun-protection
https://brushonblock.com/blogs/news/tagged/cosmetics,Brush on Block® Blog,2,2,https://brushonblock.com/blogs/news; https://brushonblock.com/blogs/news/lip-oil-shade-expansion
https://brushonblock.com/blogs/news/tagged/history-of-sunscreen,Brush on Block® Blog,2,2,https://brushonblock.com/blogs/news; https://brushonblock.com/blogs/news/sunscreen-who-invented-sunscreen
https://brushonblock.com/blogs/news/tagged/hyaluronic-acid,Brush on Block® Blog,2,2,https://brushonblock.com/blogs/news; https://brushonblock.com/blogs/news/117706180-5-totally-bizarre-facials
https://brushonblock.com/blogs/news/tagged/sustainable-beauty,Brush on Block® Blog,2,2,https://brushonblock.com/blogs/news; https://brushonblock.com/blogs/news/117705412-does-your-skin-make-you-look-older
https://brushonblock.com/blogs/news/tagged/tattoo,Brush on Block® Blog,2,2,https://brushonblock.com/blogs/news; https://brushonblock.com/blogs/news/spf-sunscreen-tattoos
https://brushonblock.com/blogs/news/tagged/teen-skin-care,Brush on Block® Blog,2,2,https://brushonblock.com/blogs/news; https://brushonblock.com/blogs/news/117644932-surviving-the-teen-years-a-parents-guide-to-teen-skincare
https://brushonblock.com/blogs/news/tagged/tips-for-success,Brush on Block® Blog,2,2,https://brushonblock.com/blogs/news; https://brushonblock.com/blogs/news/set-yourself-up-for-success-in-2020
https://brushonblock.com/blogs/news/tagged/uv,Brush on Block® Blog,2,2,https://brushonblock.com/blogs/news; https://brushonblock.com/blogs/news/sunscreen-who-invented-sunscreen
https://brushonblock.com/blogs/news/12-days-of-brush-on-block-day-5-3-ways-to-use-brush-on-block-translucent,,1,1,https://brushonblock.com/blogs/news/travis-forrester-evans-photographer-brush-on-block-user
https://brushonblock.com/blogs/news/12-days-of-brush-on-block-day-4-real-life-brush-on-block-user-travis-forrester-evans-photographer,,1,1,https://brushonblock.com/blogs/news/get-to-know-real-brush-on-block-users
https://brushonblock.com/blogs/news/12-days-of-brush-on-block-day-8-real-life-brush-on-block-user-dr-lauren-boudreaux-dermatologist,,1,1,https://brushonblock.com/blogs/news/get-to-know-real-brush-on-block-users
https://brushonblock.com/blogs/news/12-days-of-brush-on-block-day-7,,1,1,https://brushonblock.com/blogs/news/brush-on-block-sunscreen-quiz
