product_id,product_title,product_status,image_id,src,alt
287771000862,Brush On Block with Touch of Tan,archived,1103196749854,https://cdn.shopify.com/s/files/1/0408/3481/products/mineral_sunscreen_brush_duo_grande_0586b2d4-0ae8-406f-9b89-6bf08ca65cc0.jpg?v=1509409148,
287771000862,Brush On Block with Touch of Tan,archived,1113585156126,https://cdn.shopify.com/s/files/1/0408/3481/products/BoBToT_Boxes.jpg?v=1509468550,
749564756073,BRUSH ON BLOCK® – Touch of Tan Powder Sunscreen,archived,2585841926249,https://cdn.shopify.com/s/files/1/0408/3481/products/BrushOnBlock-Touch_of_Tan-FB-Store-Image_1.jpg?v=1525296865,
750848114793,Touch of Tan Mineral Powder Sunscreen Refill Cartridge SPF 30,draft,31339889623145,https://cdn.shopify.com/s/files/1/0408/3481/files/Touch-of-Tan-Refill-4.jpg?v=1709338134,
750848114793,Touch of Tan Mineral Powder Sunscreen Refill Cartridge SPF 30,draft,31339889852521,https://cdn.shopify.com/s/files/1/0408/3481/files/Touch-of-Tan-Refill-3.jpg?v=1709338136,
750848114793,Touch of Tan Mineral Powder Sunscreen Refill Cartridge SPF 30,draft,31339889819753,https://cdn.shopify.com/s/files/1/0408/3481/files/Touch-of-Tan-Refill-2.jpg?v=1709338135,
750848114793,Touch of Tan Mineral Powder Sunscreen Refill Cartridge SPF 30,draft,31339889590377,https://cdn.shopify.com/s/files/1/0408/3481/files/Touch-of-Tan-Refill.jpg?v=1709338133,
751412412521,BRUSH ON BLOCK® Translucent Sunscreen Refill,archived,2613348761705,https://cdn.shopify.com/s/files/1/0408/3481/products/BrushOnBlock-TranslucentRefill-FB-Store.jpg?v=1526066211,
751412838505,BRUSH ON BLOCK® Touch of Tan Sunscreen Refill,archived,2613335982185,https://cdn.shopify.com/s/files/1/0408/3481/products/TOT_Refill_with_Box_9afd7cad-43be-425e-b581-3085d62cf1f7.jpg?v=1526065873,
2396321611881,Nude Tint Sun Shine SPF 30 Protective Lip Oil,draft,31640345116777,https://cdn.shopify.com/s/files/1/0408/3481/files/NudeTint_61559a42-fe25-42c9-99ab-f5d3b5260060.png?v=1715149144,
2412162547817,test product,archived,7374547353705,https://cdn.shopify.com/s/files/1/0408/3481/products/troll-rafe.jpg?v=1550877390,
2412162547817,test product,archived,7374547714153,https://cdn.shopify.com/s/files/1/0408/3481/products/1531863950257.jpg?v=1550877390,
2412162547817,test product,archived,7374547550313,https://cdn.shopify.com/s/files/1/0408/3481/products/default-grey_470111b1-4c51-4268-91d6-beb8545e09df.jpg?v=1550877390,
2415085387881,New Duo Product,archived,7386899677289,https://cdn.shopify.com/s/files/1/0408/3481/products/product-image-2_1024x1024_60db993c-b9d3-438d-9b20-9d51958d9e04.png?v=1551109798,
3529109373033,Nude Tint Full Face Kit SPF 30+,archived,28003861495913,https://cdn.shopify.com/s/files/1/0408/3481/products/resized-KITnude.jpg?v=1615583034,
3529109373033,Nude Tint Full Face Kit SPF 30+,archived,28003861626985,https://cdn.shopify.com/s/files/1/0408/3481/products/translucent-nude.jpg?v=1615583034,
3529109373033,Nude Tint Full Face Kit SPF 30+,archived,27992525471849,https://cdn.shopify.com/s/files/1/0408/3481/products/AdriNT9.jpg?v=1615583034,
3553062453353,Daddy & Me Sunscreen Duo,draft,11052066340969,https://cdn.shopify.com/s/files/1/0408/3481/products/BOB_KIDS_AND_BLUE_1.jpg?v=1557960412,
3593344778345,Beach Bag Set,archived,11353840451689,https://cdn.shopify.com/s/files/1/0408/3481/products/SBB6.jpg?v=1561150682,
4336043655273,Protect Your Pout Gift Set,archived,13427323928681,https://cdn.shopify.com/s/files/1/0408/3481/products/Protect_Your_Pout_Kit_Amazon.jpg?v=1572904675,
4336043655273,Protect Your Pout Gift Set,archived,13453841203305,https://cdn.shopify.com/s/files/1/0408/3481/products/Pout_Prep_Tool_Web.jpg?v=1573077570,
4336043655273,Protect Your Pout Gift Set,archived,13453842415721,https://cdn.shopify.com/s/files/1/0408/3481/products/Brush_On_Block_Sugar_Lip_Polish.jpg?v=1573077586,
4336043655273,Protect Your Pout Gift Set,archived,13453846741097,https://cdn.shopify.com/s/files/1/0408/3481/products/Brush_On_Block_Protective_Lip_Oil_SPF_32.jpg?v=1573077611,
4336043655273,Protect Your Pout Gift Set,archived,13453856407657,https://cdn.shopify.com/s/files/1/0408/3481/products/Brush_On_Block_Protect_Your_Pout_Canvas_Bag.jpg?v=1573077630,
4436699611241,Sugar Lip Polish,archived,13963626086505,https://cdn.shopify.com/s/files/1/0408/3481/products/Brush_On_Block_Sugar_Lip_Polish_4bb03763-458c-45a0-82df-3bf883e23ea2.jpg?v=1576196202,
4548065460329,"""Scratch & Dent Sale"" BRUSH ON BLOCK® Translucent Mineral Powder Sunscreen SPF 30",archived,14546198036585,https://cdn.shopify.com/s/files/1/0408/3481/products/Brush-On-Block-Leap-Day-Sale.jpg?v=1582849160,
4637039329385,Protected Pout Kit,archived,15915285708905,https://cdn.shopify.com/s/files/1/0408/3481/products/LipOil2_3006ad9c-8f9e-4c86-9916-0c39397b1e69.jpg?v=1603236881,
4825425477737,Coral Full Face Kit SPF 30+,archived,28003811950697,https://cdn.shopify.com/s/files/1/0408/3481/products/resized-KITcoral.jpg?v=1615582770,
4825425477737,Coral Full Face Kit SPF 30+,archived,28003815325801,https://cdn.shopify.com/s/files/1/0408/3481/products/tanslucent-coral.jpg?v=1615582770,
4825426788457,Fig Full Face Kit SPF 30+,archived,28003853926505,https://cdn.shopify.com/s/files/1/0408/3481/products/resized-KITfig.jpg?v=1615582994,
4825426788457,Fig Full Face Kit SPF 30+,archived,28003854876777,https://cdn.shopify.com/s/files/1/0408/3481/products/translucent-fig.jpg?v=1615582994,
4897096597609,Test Product,archived,16312407687273,https://cdn.shopify.com/s/files/1/0408/3481/products/troll-rafe_621ed372-9ccf-4a8a-9746-82f89c968b67.jpg?v=1613666220,
4897096597609,Test Product,archived,16312407720041,https://cdn.shopify.com/s/files/1/0408/3481/products/1531863950257_9e5ab130-6d16-4f79-905d-d147d4f24e07.jpg?v=1613666220,
4897096597609,Test Product,archived,16312407752809,https://cdn.shopify.com/s/files/1/0408/3481/products/default-grey_5eda4287-ae3a-47e2-bb6d-fe9c9fc5bd0d.jpg?v=1613666220,
4897096794217,Test Product,archived,16312408277097,https://cdn.shopify.com/s/files/1/0408/3481/products/troll-rafe_83b609f3-2ead-4649-8540-00be05c502f5.jpg?v=1613666233,
4897096794217,Test Product,archived,16312408309865,https://cdn.shopify.com/s/files/1/0408/3481/products/1531863950257_70070ebf-a9a8-4966-8cf8-7dc643084aa6.jpg?v=1613666233,
4897096794217,Test Product,archived,16312408342633,https://cdn.shopify.com/s/files/1/0408/3481/products/default-grey_b4ab840a-61a7-42bd-acbb-49b6073343af.jpg?v=1613666233,
4897213251689,Test products,archived,16313053315177,https://cdn.shopify.com/s/files/1/0408/3481/products/troll-rafe_e7047830-225a-4cf6-a8e3-fe947ef3619d.jpg?v=1613678271,
4897213251689,Test products,archived,16313053347945,https://cdn.shopify.com/s/files/1/0408/3481/products/1531863950257_b058d532-0a56-4fc8-9400-58ed35879028.jpg?v=1613678271,
4897213251689,Test products,archived,16313053380713,https://cdn.shopify.com/s/files/1/0408/3481/products/default-grey_e4abaee1-3248-47e0-bae0-a5d2831f3061.jpg?v=1613678271,
6727211057257,Polished & Protected Bundle - SPF 30-32,archived,28905371074665,https://cdn.shopify.com/s/files/1/0408/3481/products/Polished.jpg?v=1635739930,
6727211057257,Polished & Protected Bundle - SPF 30-32,archived,28905371107433,https://cdn.shopify.com/s/files/1/0408/3481/products/Polished_Swatches.png?v=1635739930,
6727214334057,Endless Summer Bundle - SPF 30-32,archived,28905404235881,https://cdn.shopify.com/s/files/1/0408/3481/products/Endless.jpg?v=1635741142,
6727214334057,Endless Summer Bundle - SPF 30-32,archived,28905404268649,https://cdn.shopify.com/s/files/1/0408/3481/products/Endless_Swatches.jpg?v=1635741142,
6727214891113,Self-Care Sunday Bundle,archived,28905417801833,https://cdn.shopify.com/s/files/1/0408/3481/products/self-care.jpg?v=1635741564,
6727214891113,Self-Care Sunday Bundle,archived,28905417834601,https://cdn.shopify.com/s/files/1/0408/3481/products/Self-care_swatches.jpg?v=1635741564,
6727216103529,Family Vacation Bundle,archived,28905433727081,https://cdn.shopify.com/s/files/1/0408/3481/products/FamilyVacay.jpg?v=1635742035,
6727216103529,Family Vacation Bundle,archived,28905433759849,https://cdn.shopify.com/s/files/1/0408/3481/products/Vacay_Swatches.jpg?v=1635742036,
6727217578089,Total Protection Bundle,archived,28905452372073,https://cdn.shopify.com/s/files/1/0408/3481/products/TotalPro.jpg?v=1635742580,
6727217578089,Total Protection Bundle,archived,28905452339305,https://cdn.shopify.com/s/files/1/0408/3481/products/TotalPro_Swatches.jpg?v=1635742579,
6865797775465,The Dad Kit,archived,29753786728553,https://cdn.shopify.com/s/files/1/0408/3481/products/TheDadKit.png?v=1654300224,
6865797775465,The Dad Kit,archived,29753786761321,https://cdn.shopify.com/s/files/1/0408/3481/products/Swatches-translucentpowderandminerallotion.png?v=1654300224,
6865797775465,The Dad Kit,archived,29753818316905,https://cdn.shopify.com/s/files/1/0408/3481/products/ShopifyProductimages-600x600.png?v=1654301499,
6865797775465,The Dad Kit,archived,29753791185001,https://cdn.shopify.com/s/files/1/0408/3481/products/resized-translucentsunscreen_600x_a8caa463-afe2-4ba4-afa1-cc4361822a3f.webp?v=1654301499,
6865797775465,The Dad Kit,archived,29753791217769,https://cdn.shopify.com/s/files/1/0408/3481/products/61CKu11VtjL._SL1500.jpg?v=1654301499,
7021107511401,NOBODY'S PERFECT REPLACEMENT,archived,30744072126569,https://cdn.shopify.com/s/files/1/0408/3481/files/FaceOilontherocks_784417da-0e5e-4128-a9c0-547a921a3fee.jpg?v=1683095317,
7021107511401,NOBODY'S PERFECT REPLACEMENT,archived,30744072159337,https://cdn.shopify.com/s/files/1/0408/3481/files/FaceOil-1_e4565f6f-82de-48fa-9485-3dc9fa7f876b.png?v=1683095317,
7021107511401,NOBODY'S PERFECT REPLACEMENT,archived,30744072192105,https://cdn.shopify.com/s/files/1/0408/3481/files/FaceOil-2_88d22669-bec1-454b-89d4-6187a071f489.png?v=1683095317,
7021107511401,NOBODY'S PERFECT REPLACEMENT,archived,30744072224873,https://cdn.shopify.com/s/files/1/0408/3481/files/faceoilicons_66dcf0ac-7445-4b60-aaa6-3331018ac5d7.jpg?v=1683095317,
7046036226153,Protect Your Pout Bag,archived,30856719237225,https://cdn.shopify.com/s/files/1/0408/3481/files/Brush_On_Block_Protect_Your_Pout_Canvas_Bag_f5a63fb9-021d-400f-81e4-e344ffa29dee.jpg?v=1694622365,
7066384203881,SPF Spa Day Bundle,archived,30957297172585,https://cdn.shopify.com/s/files/1/0408/3481/files/SPFSpaDayBundle.png?v=1698256013,
7066384203881,SPF Spa Day Bundle,archived,30975023415401,https://cdn.shopify.com/s/files/1/0408/3481/files/gift-box-tube.png?v=1698961332,
7066384203881,SPF Spa Day Bundle,archived,30975019712617,https://cdn.shopify.com/s/files/1/0408/3481/files/SPF50brush-blue_55064f2a-ce61-4db0-aed6-25e9c06e3712.jpg?v=1698961332,
7066384203881,SPF Spa Day Bundle,archived,30975020105833,https://cdn.shopify.com/s/files/1/0408/3481/files/NP-dropper_41299d8e-ff99-48b6-a976-aa1b86b26383.jpg?v=1698961332,
7066384203881,SPF Spa Day Bundle,archived,30975020138601,https://cdn.shopify.com/s/files/1/0408/3481/files/SheerGenius-600x600_db0549f6-7204-4cc6-969d-fcd2a1f7e7f4.png?v=1698961332,
7066384203881,SPF Spa Day Bundle,archived,30975020171369,https://cdn.shopify.com/s/files/1/0408/3481/files/NudeTint_775a76bc-d399-4ff5-bbc4-bb01e694ab62.png?v=1698961332,
7066389938281,SPF in Color Bundle,archived,30957364772969,https://cdn.shopify.com/s/files/1/0408/3481/files/SPFinColorBundle.png?v=1698257106,
7066389938281,SPF in Color Bundle,archived,30975023710313,https://cdn.shopify.com/s/files/1/0408/3481/files/gift-box-tube_aeaba95a-9eb9-4ead-a841-01a3a1485cb6.png?v=1698961392,
7066389938281,SPF in Color Bundle,archived,30975013421161,https://cdn.shopify.com/s/files/1/0408/3481/files/New-Translucent-edited_1_dd971bbd-549e-4301-8c62-bcecf79b7d53.jpg?v=1698961392,
7066389938281,SPF in Color Bundle,archived,30975013453929,https://cdn.shopify.com/s/files/1/0408/3481/files/LipOilTrio_51a61965-3f68-436a-b46d-4dfb39bb1824.png?v=1698961392,
7066389938281,SPF in Color Bundle,archived,30975013552233,https://cdn.shopify.com/s/files/1/0408/3481/files/resized-lippencil_218651ca-ea1e-4189-b33b-afc3052c2ce9.jpg?v=1698961392,
7071240781929,Outdoor Athlete SPF Kit,archived,30968594825321,https://cdn.shopify.com/s/files/1/0408/3481/files/OutdoorAthlete.png?v=1698691941,
7071240781929,Outdoor Athlete SPF Kit,archived,30975031410793,https://cdn.shopify.com/s/files/1/0408/3481/files/gift-box-tube_7f058b94-5bc0-4569-926e-7805b969dbaf.png?v=1698962755,
7071240781929,Outdoor Athlete SPF Kit,archived,30975014436969,https://cdn.shopify.com/s/files/1/0408/3481/files/NudeTint_c38d4399-228f-4058-b64f-c95aaa512553.png?v=1698962755,
7071240781929,Outdoor Athlete SPF Kit,archived,30975016173673,https://cdn.shopify.com/s/files/1/0408/3481/files/New-Translucent-edited_1_2700c163-d509-4181-abda-0113f5ff51f8.jpg?v=1698962755,
7071240781929,Outdoor Athlete SPF Kit,archived,30975016566889,https://cdn.shopify.com/s/files/1/0408/3481/files/BOB-Kids-Sun-Balm-front_5d36fe74-e80b-4595-81df-df15a20221c2.png?v=1698962755,
7071246188649,Family Vacation SPF Pack,archived,30968598986857,https://cdn.shopify.com/s/files/1/0408/3481/files/FamilyVacation.png?v=1698692143,
7071246188649,Family Vacation SPF Pack,archived,30975024037993,https://cdn.shopify.com/s/files/1/0408/3481/files/gift-box-tube_6456ae3c-4c0f-45be-b0b4-3c8941fc3be2.png?v=1698961422,
7071246188649,Family Vacation SPF Pack,archived,30975012634729,https://cdn.shopify.com/s/files/1/0408/3481/files/BOBKids_681a9842-88ca-400a-a6c0-47bbf0f74db5.png?v=1698961422,
7071246188649,Family Vacation SPF Pack,archived,30975012667497,https://cdn.shopify.com/s/files/1/0408/3481/files/New-Translucent-edited_1.jpg?v=1698961422,
7071246188649,Family Vacation SPF Pack,archived,30975012700265,https://cdn.shopify.com/s/files/1/0408/3481/files/SPF50brush-blue_2f23a528-ee2b-4391-b770-c56bcf09c7cd.jpg?v=1698961422,
7082157834345,Build Your Own Gift Set,archived,31008191053929,https://cdn.shopify.com/s/files/1/0408/3481/files/Product-1200x1200_1.png?v=1700615072,
7082157834345,Build Your Own Gift Set,archived,31007242649705,https://cdn.shopify.com/s/files/1/0408/3481/files/BuildYourOwnGiftSet1.png?v=1700615072,
7082157834345,Build Your Own Gift Set,archived,30988388532329,https://cdn.shopify.com/s/files/1/0408/3481/files/SunscreenRemoverCloth2.png?v=1700615072,
7082157834345,Build Your Own Gift Set,archived,30988388499561,https://cdn.shopify.com/s/files/1/0408/3481/files/SunscreenRemoverCloth1.png?v=1700615072,
7082157834345,Build Your Own Gift Set,archived,31007243632745,https://cdn.shopify.com/s/files/1/0408/3481/files/gift-box-tube_bf10c156-4de9-4da6-9b20-c8d6e6682932.png?v=1700615072,
7143864238185,Free Refill,draft,31242192486505,https://cdn.shopify.com/s/files/1/0408/3481/files/BOB201-1_62d62367-cbbd-491d-a214-e074b78b6dd3.png?v=1706212245,
7143864238185,Free Refill,draft,31242192519273,https://cdn.shopify.com/s/files/1/0408/3481/files/BOB201-2_9dfae8b9-cfef-4efc-833b-c6165b07522f.png?v=1706212245,
7143864238185,Free Refill,draft,31242192552041,https://cdn.shopify.com/s/files/1/0408/3481/files/BOB201-3_fc278bf9-13a3-41aa-944c-e983f1a734eb.png?v=1706212245,
7143864238185,Free Refill,draft,31242192584809,https://cdn.shopify.com/s/files/1/0408/3481/files/BOB201-5_c46fa7c7-ff91-4377-8160-c8172e3f13eb.png?v=1706212245,
7143864238185,Free Refill,draft,31242192617577,https://cdn.shopify.com/s/files/1/0408/3481/files/BOB201-6_7d8198d0-cc13-4578-ba30-cb5e5046c530.png?v=1706212245,
7143864238185,Free Refill,draft,31242192650345,https://cdn.shopify.com/s/files/1/0408/3481/files/BOB201-4_4c644cec-6e88-459b-99be-f77e48cf0e24.png?v=1706212245,
7143864238185,Free Refill,draft,31242192683113,https://cdn.shopify.com/s/files/1/0408/3481/files/BOBTOTIcons._76b88394-f4e3-409b-be1a-5507feaefcff.jpg?v=1706212245,
7241533882473,Andrea's Summer Favorites,archived,31900459204713,https://cdn.shopify.com/s/files/1/0408/3481/files/Coral_Lip_Oil.png?v=1718864050,
7241540632681,Mother's Day Kit,draft,31584991576169,https://cdn.shopify.com/s/files/1/0408/3481/files/Mother_sDayKit.png?v=1714024480,
7241540632681,Mother's Day Kit,draft,31584991641705,https://cdn.shopify.com/s/files/1/0408/3481/files/Mother_sDayKitSwatches.png?v=1714024480,
7241540632681,Mother's Day Kit,draft,31585022115945,https://cdn.shopify.com/s/files/1/0408/3481/files/Sheer-Genius-No-Tint.png?v=1714024480,
7241540632681,Mother's Day Kit,draft,31585022050409,https://cdn.shopify.com/s/files/1/0408/3481/files/Sheer-Genius-U-Tint.png?v=1714024480,
7241540632681,Mother's Day Kit,draft,31585022148713,https://cdn.shopify.com/s/files/1/0408/3481/files/Nude_715xFGV4G0L._SL1500.jpg?v=1714024480,
7241540632681,Mother's Day Kit,draft,31585022083177,https://cdn.shopify.com/s/files/1/0408/3481/files/Coral_71qSyOBRQSL._SL1500.jpg?v=1714024480,
7241540632681,Mother's Day Kit,draft,31585022017641,https://cdn.shopify.com/s/files/1/0408/3481/files/Fig_71r59vvzqLL._SL1500.jpg?v=1714024480,
7268065509481,Spring Sunscreen Set,draft,31589325766761,https://cdn.shopify.com/s/files/1/0408/3481/files/SpringSet-UNtinted-Nude.png?v=1714075496,
7268065509481,Spring Sunscreen Set,draft,31589326028905,https://cdn.shopify.com/s/files/1/0408/3481/files/SpringSetSwatches.png?v=1714075500,
7268065509481,Spring Sunscreen Set,draft,31589325799529,https://cdn.shopify.com/s/files/1/0408/3481/files/SpringSet-UNTtinted-Coral.png?v=1714075496,
7268065509481,Spring Sunscreen Set,draft,31589325996137,https://cdn.shopify.com/s/files/1/0408/3481/files/SpringSet-UNtinted-Fig.png?v=1714075500,
7268065509481,Spring Sunscreen Set,draft,31589325930601,https://cdn.shopify.com/s/files/1/0408/3481/files/SpringSet-Tinted-Nude.png?v=1714075499,
7268065509481,Spring Sunscreen Set,draft,31589325963369,https://cdn.shopify.com/s/files/1/0408/3481/files/SpringSet-Tinted-Coral.png?v=1714075500,
7268065509481,Spring Sunscreen Set,draft,31589325668457,https://cdn.shopify.com/s/files/1/0408/3481/files/SpringSet-Tinted-Fig.png?v=1714075496,
7282637340777,FREE Mini Sheer Genius SPF 50 Universal Tint,draft,73914866303345,https://cdn.shopify.com/s/files/1/0408/3481/files/mini.jpg?v=1750220020,
7282637340777,FREE Mini Sheer Genius SPF 50 Universal Tint,draft,32263120257129,https://cdn.shopify.com/s/files/1/0408/3481/files/Free_Mini_Sheer_Genius.png?v=1750220020,
7282637340777,FREE Mini Sheer Genius SPF 50 Universal Tint,draft,73914866336113,https://cdn.shopify.com/s/files/1/0408/3481/files/mini_model_2.jpg?v=1744911982,
7282637340777,FREE Mini Sheer Genius SPF 50 Universal Tint,draft,73914866368881,https://cdn.shopify.com/s/files/1/0408/3481/files/sg_ut_model_5_1daa7728-3183-4891-9cd9-2a16c4161f28.jpg?v=1744911842,
7322702774377,The Dude Kit,draft,31812579426409,https://cdn.shopify.com/s/files/1/0408/3481/files/QuickStick2_41ffdfa1-43cf-4b6b-a7d0-dcdbb254e5ba.png?v=1717449085,
7388060942441,Brush On Block SPF 30 Translucent Mineral Powder Sunscreen,archived,29703772733545,https://cdn.shopify.com/s/files/1/0408/3481/products/BOB_200_male.png?v=1738956947,
7388060942441,Brush On Block SPF 30 Translucent Mineral Powder Sunscreen,archived,29703772700777,https://cdn.shopify.com/s/files/1/0408/3481/products/BOB_200_5.png?v=1708760393,
7388060942441,Brush On Block SPF 30 Translucent Mineral Powder Sunscreen,archived,30474123804777,https://cdn.shopify.com/s/files/1/0408/3481/products/BOB200Productimages-600x600.png?v=1738956947,
14817536246129,Sunscreen Every Day Package,draft,59389392748913,https://cdn.shopify.com/s/files/1/0408/3481/files/Every-Day.png?v=1730966546,
14817536246129,Sunscreen Every Day Package,draft,30975023415401,https://cdn.shopify.com/s/files/1/0408/3481/files/gift-box-tube.png?v=1698961332,
14817536246129,Sunscreen Every Day Package,draft,59389392716145,https://cdn.shopify.com/s/files/1/0408/3481/files/Every_Day-2.png?v=1730966547,
14817536246129,Sunscreen Every Day Package,draft,31585022050409,https://cdn.shopify.com/s/files/1/0408/3481/files/Sheer-Genius-U-Tint.png?v=1714024480,
14817536246129,Sunscreen Every Day Package,draft,31585022017641,https://cdn.shopify.com/s/files/1/0408/3481/files/Fig_71r59vvzqLL._SL1500.jpg?v=1714024480,
14817543127409,Winter Vacation Package,draft,59389394944369,https://cdn.shopify.com/s/files/1/0408/3481/files/Winter-Vacation.png?v=1730967219,
14817543127409,Winter Vacation Package,draft,30975019712617,https://cdn.shopify.com/s/files/1/0408/3481/files/SPF50brush-blue_55064f2a-ce61-4db0-aed6-25e9c06e3712.jpg?v=1698961332,
14817543127409,Winter Vacation Package,draft,31302169198697,https://cdn.shopify.com/s/files/1/0408/3481/files/QuickStick.png?v=1738888440,
14817543127409,Winter Vacation Package,draft,59389394911601,https://cdn.shopify.com/s/files/1/0408/3481/files/Winter_Vaca-2.png?v=1730967220,
14817547944305,Mini-Me Adventure Package,draft,59389297492337,https://cdn.shopify.com/s/files/1/0408/3481/files/Mini-Me.png?v=1730962854,
14817547944305,Mini-Me Adventure Package,draft,30975023415401,https://cdn.shopify.com/s/files/1/0408/3481/files/gift-box-tube.png?v=1698961332,
14817547944305,Mini-Me Adventure Package,draft,59389334913393,https://cdn.shopify.com/s/files/1/0408/3481/files/Mini_Me-2.png?v=1730964663,
14817547944305,Mini-Me Adventure Package,draft,31302169198697,https://cdn.shopify.com/s/files/1/0408/3481/files/QuickStick.png?v=1738888440,
14817547944305,Mini-Me Adventure Package,draft,30975016566889,https://cdn.shopify.com/s/files/1/0408/3481/files/BOB-Kids-Sun-Balm-front_5d36fe74-e80b-4595-81df-df15a20221c2.png?v=1698962755,
14817547944305,Mini-Me Adventure Package,draft,30975012634729,https://cdn.shopify.com/s/files/1/0408/3481/files/BOBKids_681a9842-88ca-400a-a6c0-47bbf0f74db5.png?v=1698961422,
14881132511601,Mini Me Kit,draft,59411744358769,https://cdn.shopify.com/s/files/1/0408/3481/files/Mini-Me_2eb83e88-bcb3-45a3-b873-35c0b2eee94b.png?v=1732044629,
14931859931505,Gal Pal Duo,draft,59588141482353,https://cdn.shopify.com/s/files/1/0408/3481/files/Galantine_s.png?v=1738968797,
14931859931505,Gal Pal Duo,draft,59588935811441,https://cdn.shopify.com/s/files/1/0408/3481/files/lip_line_-_coral_2.png?v=1738968797,
14931859931505,Gal Pal Duo,draft,59588937646449,https://cdn.shopify.com/s/files/1/0408/3481/files/lip-pencil_model1.jpg?v=1738968797,
14931859931505,Gal Pal Duo,draft,59588141416817,https://cdn.shopify.com/s/files/1/0408/3481/files/Galantine_s2.png?v=1738968797,
15024657957233,The Dad Kit,draft,74106153173361,https://cdn.shopify.com/s/files/1/0408/3481/files/Dad_Kit.jpg?v=1749016943,
15024657957233,The Dad Kit,draft,74106143900017,https://cdn.shopify.com/s/files/1/0408/3481/files/dad_secondary_2.jpg?v=1749016943,
15024657957233,The Dad Kit,draft,74106143932785,https://cdn.shopify.com/s/files/1/0408/3481/files/dads_kit_secondary.jpg?v=1749016943,
15030702965105,Vacation Hydration SPF Kit,archived,73914866303345,https://cdn.shopify.com/s/files/1/0408/3481/files/mini.jpg?v=1750220020,
15030702965105,Vacation Hydration SPF Kit,archived,32263120257129,https://cdn.shopify.com/s/files/1/0408/3481/files/Free_Mini_Sheer_Genius.png?v=1750220020,
15055306293617,Touch of Tan Mineral Powder Sunscreen Refill SPF 30,active,74243802497393,https://cdn.shopify.com/s/files/1/0408/3481/files/TOT_refill_4.jpg?v=1759816905,
15261839458673,Touch of Tan SPF 30 Brush + Refill Set,active,74243802497393,https://cdn.shopify.com/s/files/1/0408/3481/files/TOT_refill_4.jpg?v=1759816905,
