product_id,product_title,image_id,new_alt
287771000862,Brush On Block with Touch of Tan,1103196749854,Brush On Block with Touch of Tan
287771000862,Brush On Block with Touch of Tan,1113585156126,Brush On Block with Touch of Tan
749564756073,BRUSH ON BLOCK® – Touch of Tan Powder Sunscreen,2585841926249,BRUSH ON BLOCK® – Touch of Tan Powder Sunscreen
750848114793,Touch of Tan Mineral Powder Sunscreen Refill Cartridge SPF 30,31339889623145,Touch of Tan Mineral Powder Sunscreen Refill Cartridge SPF 30
750848114793,Touch of Tan Mineral Powder Sunscreen Refill Cartridge SPF 30,31339889852521,Touch of Tan Mineral Powder Sunscreen Refill Cartridge SPF 30
750848114793,Touch of Tan Mineral Powder Sunscreen Refill Cartridge SPF 30,31339889819753,Touch of Tan Mineral Powder Sunscreen Refill Cartridge SPF 30
750848114793,Touch of Tan Mineral Powder Sunscreen Refill Cartridge SPF 30,31339889590377,Touch of Tan Mineral Powder Sunscreen Refill Cartridge SPF 30
751412412521,BRUSH ON BLOCK® Translucent Sunscreen Refill,2613348761705,BRUSH ON BLOCK® Translucent Sunscreen Refill
751412838505,BRUSH ON BLOCK® Touch of Tan Sunscreen Refill,2613335982185,BRUSH ON BLOCK® Touch of Tan Sunscreen Refill
2396321611881,Nude Tint Sun Shine SPF 30 Protective Lip Oil,31640345116777,Nude Tint Sun Shine SPF 30 Protective Lip Oil
2412162547817,test product,7374547353705,test product
2412162547817,test product,7374547714153,test product
2412162547817,test product,7374547550313,test product
2415085387881,New Duo Product,7386899677289,New Duo Product
3529109373033,Nude Tint Full Face Kit SPF 30+,28003861495913,Nude Tint Full Face Kit SPF 30+
3529109373033,Nude Tint Full Face Kit SPF 30+,28003861626985,Nude Tint Full Face Kit SPF 30+
3529109373033,Nude Tint Full Face Kit SPF 30+,27992525471849,Nude Tint Full Face Kit SPF 30+
3553062453353,Daddy & Me Sunscreen Duo,11052066340969,Daddy & Me Sunscreen Duo
3593344778345,Beach Bag Set,11353840451689,Beach Bag Set
4336043655273,Protect Your Pout Gift Set,13427323928681,Protect Your Pout Gift Set
4336043655273,Protect Your Pout Gift Set,13453841203305,Protect Your Pout Gift Set
4336043655273,Protect Your Pout Gift Set,13453842415721,Protect Your Pout Gift Set
4336043655273,Protect Your Pout Gift Set,13453846741097,Protect Your Pout Gift Set
4336043655273,Protect Your Pout Gift Set,13453856407657,Protect Your Pout Gift Set
4436699611241,Sugar Lip Polish,13963626086505,Sugar Lip Polish
4548065460329,"""Scratch & Dent Sale"" BRUSH ON BLOCK® Translucent Mineral Powder Sunscreen SPF 30",14546198036585,"""Scratch & Dent Sale"" BRUSH ON BLOCK® Translucent Mineral Powder Sunscreen SPF 30"
4637039329385,Protected Pout Kit,15915285708905,Protected Pout Kit
4825425477737,Coral Full Face Kit SPF 30+,28003811950697,Coral Full Face Kit SPF 30+
4825425477737,Coral Full Face Kit SPF 30+,28003815325801,Coral Full Face Kit SPF 30+
4825426788457,Fig Full Face Kit SPF 30+,28003853926505,Fig Full Face Kit SPF 30+
4825426788457,Fig Full Face Kit SPF 30+,28003854876777,Fig Full Face Kit SPF 30+
4897096597609,Test Product,16312407687273,Test Product
4897096597609,Test Product,16312407720041,Test Product
4897096597609,Test Product,16312407752809,Test Product
4897096794217,Test Product,16312408277097,Test Product
4897096794217,Test Product,16312408309865,Test Product
4897096794217,Test Product,16312408342633,Test Product
4897213251689,Test products,16313053315177,Test products
4897213251689,Test products,16313053347945,Test products
4897213251689,Test products,16313053380713,Test products
6727211057257,Polished & Protected Bundle - SPF 30-32,28905371074665,Polished & Protected Bundle - SPF 30-32
6727211057257,Polished & Protected Bundle - SPF 30-32,28905371107433,Polished & Protected Bundle - SPF 30-32
6727214334057,Endless Summer Bundle - SPF 30-32,28905404235881,Endless Summer Bundle - SPF 30-32
6727214334057,Endless Summer Bundle - SPF 30-32,28905404268649,Endless Summer Bundle - SPF 30-32
6727214891113,Self-Care Sunday Bundle,28905417801833,Self-Care Sunday Bundle
6727214891113,Self-Care Sunday Bundle,28905417834601,Self-Care Sunday Bundle
6727216103529,Family Vacation Bundle,28905433727081,Family Vacation Bundle
6727216103529,Family Vacation Bundle,28905433759849,Family Vacation Bundle
6727217578089,Total Protection Bundle,28905452372073,Total Protection Bundle
6727217578089,Total Protection Bundle,28905452339305,Total Protection Bundle
6865797775465,The Dad Kit,29753786728553,The Dad Kit
6865797775465,The Dad Kit,29753786761321,The Dad Kit
6865797775465,The Dad Kit,29753818316905,The Dad Kit
6865797775465,The Dad Kit,29753791185001,The Dad Kit
6865797775465,The Dad Kit,29753791217769,The Dad Kit
7021107511401,NOBODY'S PERFECT REPLACEMENT,30744072126569,NOBODY'S PERFECT REPLACEMENT
7021107511401,NOBODY'S PERFECT REPLACEMENT,30744072159337,NOBODY'S PERFECT REPLACEMENT
7021107511401,NOBODY'S PERFECT REPLACEMENT,30744072192105,NOBODY'S PERFECT REPLACEMENT
7021107511401,NOBODY'S PERFECT REPLACEMENT,30744072224873,NOBODY'S PERFECT REPLACEMENT
7046036226153,Protect Your Pout Bag,30856719237225,Protect Your Pout Bag
7066384203881,SPF Spa Day Bundle,30957297172585,SPF Spa Day Bundle
7066384203881,SPF Spa Day Bundle,30975023415401,SPF Spa Day Bundle
7066384203881,SPF Spa Day Bundle,30975019712617,SPF Spa Day Bundle
7066384203881,SPF Spa Day Bundle,30975020105833,SPF Spa Day Bundle
7066384203881,SPF Spa Day Bundle,30975020138601,SPF Spa Day Bundle
7066384203881,SPF Spa Day Bundle,30975020171369,SPF Spa Day Bundle
7066389938281,SPF in Color Bundle,30957364772969,SPF in Color Bundle
7066389938281,SPF in Color Bundle,30975023710313,SPF in Color Bundle
7066389938281,SPF in Color Bundle,30975013421161,SPF in Color Bundle
7066389938281,SPF in Color Bundle,30975013453929,SPF in Color Bundle
7066389938281,SPF in Color Bundle,30975013552233,SPF in Color Bundle
7071240781929,Outdoor Athlete SPF Kit,30968594825321,Outdoor Athlete SPF Kit
7071240781929,Outdoor Athlete SPF Kit,30975031410793,Outdoor Athlete SPF Kit
7071240781929,Outdoor Athlete SPF Kit,30975014436969,Outdoor Athlete SPF Kit
7071240781929,Outdoor Athlete SPF Kit,30975016173673,Outdoor Athlete SPF Kit
7071240781929,Outdoor Athlete SPF Kit,30975016566889,Outdoor Athlete SPF Kit
7071246188649,Family Vacation SPF Pack,30968598986857,Family Vacation SPF Pack
7071246188649,Family Vacation SPF Pack,30975024037993,Family Vacation SPF Pack
7071246188649,Family Vacation SPF Pack,30975012634729,Family Vacation SPF Pack
7071246188649,Family Vacation SPF Pack,30975012667497,Family Vacation SPF Pack
7071246188649,Family Vacation SPF Pack,30975012700265,Family Vacation SPF Pack
7082157834345,Build Your Own Gift Set,31008191053929,Build Your Own Gift Set
7082157834345,Build Your Own Gift Set,31007242649705,Build Your Own Gift Set
7082157834345,Build Your Own Gift Set,30988388532329,Build Your Own Gift Set
7082157834345,Build Your Own Gift Set,30988388499561,Build Your Own Gift Set
7082157834345,Build Your Own Gift Set,31007243632745,Build Your Own Gift Set
7143864238185,Free Refill,31242192486505,Free Refill
7143864238185,Free Refill,31242192519273,Free Refill
7143864238185,Free Refill,31242192552041,Free Refill
7143864238185,Free Refill,31242192584809,Free Refill
7143864238185,Free Refill,31242192617577,Free Refill
7143864238185,Free Refill,31242192650345,Free Refill
7143864238185,Free Refill,31242192683113,Free Refill
7241533882473,Andrea's Summer Favorites,31900459204713,Andrea's Summer Favorites
7241540632681,Mother's Day Kit,31584991576169,Mother's Day Kit
7241540632681,Mother's Day Kit,31584991641705,Mother's Day Kit
7241540632681,Mother's Day Kit,31585022115945,Mother's Day Kit
7241540632681,Mother's Day Kit,31585022050409,Mother's Day Kit
7241540632681,Mother's Day Kit,31585022148713,Mother's Day Kit
7241540632681,Mother's Day Kit,31585022083177,Mother's Day Kit
7241540632681,Mother's Day Kit,31585022017641,Mother's Day Kit
7268065509481,Spring Sunscreen Set,31589325766761,Spring Sunscreen Set
7268065509481,Spring Sunscreen Set,31589326028905,Spring Sunscreen Set
7268065509481,Spring Sunscreen Set,31589325799529,Spring Sunscreen Set
7268065509481,Spring Sunscreen Set,31589325996137,Spring Sunscreen Set
7268065509481,Spring Sunscreen Set,31589325930601,Spring Sunscreen Set
7268065509481,Spring Sunscreen Set,31589325963369,Spring Sunscreen Set
7268065509481,Spring Sunscreen Set,31589325668457,Spring Sunscreen Set
7282637340777,FREE Mini Sheer Genius SPF 50 Universal Tint,73914866303345,FREE Mini Sheer Genius SPF 50 Universal Tint
7282637340777,FREE Mini Sheer Genius SPF 50 Universal Tint,32263120257129,FREE Mini Sheer Genius SPF 50 Universal Tint
7282637340777,FREE Mini Sheer Genius SPF 50 Universal Tint,73914866336113,FREE Mini Sheer Genius SPF 50 Universal Tint
7282637340777,FREE Mini Sheer Genius SPF 50 Universal Tint,73914866368881,FREE Mini Sheer Genius SPF 50 Universal Tint
7322702774377,The Dude Kit,31812579426409,The Dude Kit
7388060942441,Brush On Block SPF 30 Translucent Mineral Powder Sunscreen,29703772733545,Brush On Block SPF 30 Translucent Mineral Powder Sunscreen
7388060942441,Brush On Block SPF 30 Translucent Mineral Powder Sunscreen,29703772700777,Brush On Block SPF 30 Translucent Mineral Powder Sunscreen
7388060942441,Brush On Block SPF 30 Translucent Mineral Powder Sunscreen,30474123804777,Brush On Block SPF 30 Translucent Mineral Powder Sunscreen
14817536246129,Sunscreen Every Day Package,59389392748913,Sunscreen Every Day Package
14817536246129,Sunscreen Every Day Package,30975023415401,Sunscreen Every Day Package
14817536246129,Sunscreen Every Day Package,59389392716145,Sunscreen Every Day Package
14817536246129,Sunscreen Every Day Package,31585022050409,Sunscreen Every Day Package
14817536246129,Sunscreen Every Day Package,31585022017641,Sunscreen Every Day Package
14817543127409,Winter Vacation Package,59389394944369,Winter Vacation Package
14817543127409,Winter Vacation Package,30975019712617,Winter Vacation Package
14817543127409,Winter Vacation Package,31302169198697,Winter Vacation Package
14817543127409,Winter Vacation Package,59389394911601,Winter Vacation Package
14817547944305,Mini-Me Adventure Package,59389297492337,Mini-Me Adventure Package
14817547944305,Mini-Me Adventure Package,30975023415401,Mini-Me Adventure Package
14817547944305,Mini-Me Adventure Package,59389334913393,Mini-Me Adventure Package
14817547944305,Mini-Me Adventure Package,31302169198697,Mini-Me Adventure Package
14817547944305,Mini-Me Adventure Package,30975016566889,Mini-Me Adventure Package
14817547944305,Mini-Me Adventure Package,30975012634729,Mini-Me Adventure Package
14881132511601,Mini Me Kit,59411744358769,Mini Me Kit
14931859931505,Gal Pal Duo,59588141482353,Gal Pal Duo
14931859931505,Gal Pal Duo,59588935811441,Gal Pal Duo
14931859931505,Gal Pal Duo,59588937646449,Gal Pal Duo
14931859931505,Gal Pal Duo,59588141416817,Gal Pal Duo
15024657957233,The Dad Kit,74106153173361,The Dad Kit
15024657957233,The Dad Kit,74106143900017,The Dad Kit
15024657957233,The Dad Kit,74106143932785,The Dad Kit
15030702965105,Vacation Hydration SPF Kit,73914866303345,Vacation Hydration SPF Kit
15030702965105,Vacation Hydration SPF Kit,32263120257129,Vacation Hydration SPF Kit
15055306293617,Touch of Tan Mineral Powder Sunscreen Refill SPF 30,74243802497393,Touch of Tan Mineral Powder Sunscreen Refill SPF 30
15261839458673,Touch of Tan SPF 30 Brush + Refill Set,74243802497393,Touch of Tan SPF 30 Brush + Refill Set
